Institution,City,Country,Tier,Size,Funding,Note,Found via e-flux,Verification,Source 1,Source 2,Source 3,Latitude,Longitude
Museo Nacional de Bellas Artes,Buenos Aires,Argentina,Verified,Large,"Federal state museum; Friends' corporate members Banco Hipotecario, Bagó, Gador (pharma), KPMG, Hospital Alemán.",No YPF or fossil sponsor on the 2024 members page.,,,https://2024portal.amigosdelbellasartes.org.ar/nuestros-socios/,,,-34.584,-58.393
Palacio Libertad,Buenos Aires,Argentina,Verified,Large,"Federal state centre, formerly Centro Cultural Kirchner; renamed by decree in October 2024; no sponsors.",,,,https://es.wikipedia.org/wiki/Palacio_Libertad,,,-34.603,-58.369
Cafesjian Center for the Arts,Yerevan,Armenia,One name to know,Small or mid,Opened 2009; $35M+ from Gerard Cafesjian's legal-publishing fortune.,The Cafesjian foundation litigated with the Armenian Assembly of America in 2011.,,,https://en.wikipedia.org/wiki/Cafesjian_Museum_of_Art,,,40.19,44.516
Samstag Museum of Art,Adelaide,Australia,Verified,Small or mid,"University museum funded by Adelaide University and the Samstag bequest; partners Adelaide Film Festival, SALA.",,,,https://samstag.adelaide.edu.au/about/,,,-34.923,138.594
Murray Art Museum Albury,Albury,Australia,Verified,Small or mid,"Albury City and Create NSW; MAMA Art Foundation; Metal Manufacturers, Paul Ramsay Foundation, Joss family.",,,,https://www.mamalbury.com.au/thank-you,,,-36.081,146.916
Art Gallery of Ballarat,Ballarat,Australia,Roster unverified,Small or mid,"114k visitors (2022-23); City of Ballarat with Creative Victoria; Ian Potter, Helen Macpherson Smith, Brookes trusts.",Exhibition sponsors unverified.,,,https://www.artgalleryofballarat.com.au/explore/about-us/the-organisation,,,-37.561,143.86
Bendigo Art Gallery,Bendigo,Australia,Roster unverified,Small or mid,Owned and run by the City of Greater Bendigo; Victorian Government backs blockbusters.,Sponsors page blocked.,,,https://www.bendigoregion.com.au/bendigo-art-gallery/sponsors-and-partners,,,-36.757,144.283
Institute of Modern Art,Brisbane,Australia,Verified,Small or mid,"Arts Queensland, a hotel.",,,,https://www.ima.org.au/get-involved/,,,-27.457,153.035
QAGOMA,Brisbane,Australia,One name to know,Large,"1.17M visits (2024-25); Queensland Government statutory body; Creative Australia, Shayher Group, Carnival Cruise Line, Tim Fairfax Family Foundation.","Carnival Cruise Line, whose parent was convicted of pollution offences, is a 2025 major partner.",,,https://www.qagoma.qld.gov.au/media-release/qagoma-announces-2025-program-featuring-archie-moore-olafur-eliasson-and-more-2025-02-20/,,,-27.471,153.018
Cairns Art Gallery,Cairns,Australia,Verified,Small or mid,Core funding from Cairns Regional Council; Cairns Art Gallery Foundation and the private Double R Arts Foundation.,Double R founders undisclosed.,,,https://www.cairnsartgallery.com.au/support/foundation/about-us,,,-16.923,145.777
National Gallery of Australia,Canberra,Australia,Verified,Large,"A$100M, 62% government; Qantas, Wesfarmers, Mazda.",,,,https://nga.gov.au/join-support/partnerships/qantas/,https://nga.gov.au/media/dd/documents/NGA_Annual_Report_23_24.pdf,,-35.3,149.136
Geelong Gallery,Geelong,Australia,Verified,Small or mid,"City of Greater Geelong and Creative Victoria; Brookes and Trawalla foundations; local law, accounting and wine firms.",,,,https://www.geelonggallery.org.au/support/partnerships,,,-38.149,144.359
ACCA,Melbourne,Australia,Verified,Small or mid,"About half public; Dulux, architects, a brewery.",,,,https://acca.melbourne/support/current-partners/,,,-37.826,144.965
Buxton Contemporary,Melbourne,Australia,Verified,Small or mid,"Opened 2018 on a A$26M gift of collection, building and endowment from Michael and Janet Buxton (property); run by the University of Melbourne.",,,,https://buxtoncontemporary.com/about/,,,-37.824,144.966
Gertrude Contemporary,Melbourne,Australia,Verified,Small or mid,"Creative Victoria, City of Darebin, Proclaim (PR firm) flagship sponsor, Buxton and Keir donors.",,,,https://gertrude.org.au/supporters/,,,-37.742,145.006
Heide Museum of Modern Art,Melbourne,Australia,Verified,Small or mid,"State, federal and council money; a paint brand, a law firm.",,,,https://www.heide.com.au/support/partners,,,-37.76,145.084
Monash University Museum of Art,Melbourne,Australia,Roster unverified,Small or mid,"University-funded; 2010 building gifts from Ian Potter Foundation, Sidney Myer Fund, Besen family.",Support page blocked.,,,https://www.monash.edu/muma/about,,,-37.877,145.045
Potter Museum of Art,Melbourne,Australia,Verified,Small or mid,"Reopened May 2025; University of Melbourne, Ian Potter Foundation, McMullin family, Naomi Milgrom (retail), Gordon Darling Foundation.",,,,https://www.unimelb.edu.au/newsroom/news/2025/may/the-potter-museum-of-art-opens-today-with-landmark-exhibition,,,-37.797,144.962
PICA Perth,Perth,Australia,One name to know,Small or mid,"Revenue A$2.8M (2024), 170k visitors; WA Government via DLGSC with Lotterywest, Creative Australia, City of Perth, Minderoo Foundation.",Lottery money in the state core grant; Minderoo (Fortescue iron-ore fortune) is exhibition partner.,,,https://pica.org.au/wp-content/uploads/2025/05/PICA_Annual-Report-2024.pdf,,,-31.951,115.858
Shepparton Art Museum,Shepparton,Australia,Verified,Small or mid,"About A$2.5M a year from Greater Shepparton council; building funded by three governments; Fairley Foundation, Gantner family (retail).",,,,https://sheppartonartmuseum.com.au/news/2024/10/23/shepparton-art-museum-foundation-welcomes-a-major-donation-of-250000-to-capital-campaign/,,,-36.395,145.404
Bundanon,Shoalhaven,Australia,Verified,Small or mid,"Revenue A$14.5M (2024-25), 134k visitors; Commonwealth grant A$10.1M, own income, Landcare Australia, Oranges & Sardines and Gordon Darling foundations.","Partners also ADCO, Minter Ellison, British Council, Dobell Foundation.",,,https://www.bundanon.com.au/wp-content/uploads/2025/11/Bundanon-Annual-Report-2024-2025.pdf,,,-34.87,150.594
4A Centre for Contemporary Asian Art,Sydney,Australia,Verified,Small or mid,"Mainly Creative Australia, Create NSW and City of Sydney grants, plus private sponsors and earned income.",No fossil-fuel sponsor found.,yes,,https://www.e-flux.com/directory/70420/4a-centre-for-contemporary-asian-art/,https://mgnsw.org.au/organisations/4a-centre-contemporary-asian-art/,,-33.879,151.205
Artbank,Sydney,Australia,Verified,Small or mid,Self-funding Commonwealth programme: art-leasing income covers operations and acquisitions.,,,,https://www.artbank.gov.au/about-artbank,,,-33.9,151.207
TarraWarra Museum of Art,Yarra Valley,Australia,Verified,Small or mid,"Besen retail foundation, a gin distillery.",,,,https://www.twma.com.au/support/,,,-37.68,145.43
Kunsthaus Bregenz,Bregenz,Austria,Verified,Small or mid,"€3.3M, 60k visitors. State of Vorarlberg, state hydro utility, Zumtobel, Hugo Boss.",,,,https://www.kunsthaus-bregenz.at/en/sponsors-partners/partners,,,47.504,9.746
Kunstraum Dornbirn,Dornbirn,Austria,Roster unverified,Small or mid,"City of Dornbirn, Land Vorarlberg and the federal state, plus members and unnamed sponsors.",Sponsors thanked but not named.,yes,,https://www.kunstraumdornbirn.at/en,https://www.e-flux.com/announcements/6787852/michail-pirgelishyle,,47.409,9.738
Grazer Kunstverein,Graz,Austria,Verified,Small or mid,"Austrian arts ministry, City of Graz, Land Steiermark; patrons AVL List, Industriellenvereinigung Steiermark, Weitzer Hotels.",No sponsor in an excluded sector.,yes,,https://www.grazerkunstverein.org/about/,https://www.e-flux.com/announcements/6786476/drake-carrhouse,,47.071,15.443
TAXISPALAIS Kunsthalle Tirol,Innsbruck,Austria,Roster unverified,Small or mid,Tirol's regional kunsthalle; funders not named in readable site text.,Roster could not be read.,yes,,https://www.taxispalais.art/en/,https://www.e-flux.com/announcements/6785820/ramesch-dahamein-sterreich,,47.264,11.395
Albertina,Vienna,Austria,Verified,Large,"Bank Austria, Verbund hydro, BMW, Do&Co. Caps partners at three.",,,,https://www.albertina.at/en/engagement/sponsoring-and-partnership/,,,48.204,16.368
Kunsthalle Wien,Vienna,Austria,Verified,Small or mid,"City; Dorotheum, a brewery, a mineral-water firm.",,,,https://kunsthallewien.at/en/about/supporters,,,48.203,16.361
Leopold Museum,Vienna,Austria,Verified,Large,"Insurer, postal service, builder, auction house.",,,,https://www.leopoldmuseum.org/de/engagement/Foerderer-Partner-Sponsoren,,,48.203,16.359
Secession,Vienna,Austria,Verified,Small or mid,"Federal and city money, Erste Bank, Dorotheum.",,,,https://secession.at/partner_en,,,48.2,16.366
mumok,Vienna,Austria,Verified,Small or mid,"Federal subsidy; Dorotheum, Lavazza, an insurer.",,,,https://www.mumok.at/en/sponsors-partners,,,48.204,16.358
National Art Gallery of The Bahamas,Nassau,Bahamas,Roster unverified,Small or mid,"Non-profit with a government subvention plus private donors, memberships and admissions.",Donors not named.,yes,,https://nagb.org.bs/ways-to-give/,,,25.077,-77.343
Fresh Milk Art Platform,St. George,Barbados,Verified,Small or mid,"US$350k Mellon Foundation grant (2024-26); Clara Lionel Foundation, Panta Rhea Foundation, National Cultural Foundation.",Artist-led platform running the TENDER regranting initiative.,,,https://www.businessbarbados.com/post/fresh-milk-art-platform-awarded-usd-350-000-grant,,,13.141,-59.555
"KX Space / Kryly Khalopa Theatre (Prastora KX, closed 2021)",Brest,Belarus,One name to know,Small or mid,Independent theatre (founded 2001) running its own venue; art-sale auctions for the BYSOL solidarity fund reported; grant sources not published,"Independent venue opened Nov 2014 at Khalturina 2/1 (theatre, gallery, education, community events); director Aksana Haiko. The theatre still produces (2025 'Brest HERstory' audio-walk about women in Brest 1939–45) but its site gives no current base.",,new,https://bgmedia.site/society/kryilyi-halopa-grunto-nya-day-darogu-i-mnogoe-drugoe-rasskazyivaem-chego-lishilsya-brest-posle-avgusta-2020-goda/,http://teatrkh.com/krylykhalopa,http://teatrkh.com/production/brestherstory,52.094,23.703
Art-Siadziba,Minsk,Belarus,One name to know,Small or mid,"Independent platform; funding not published (events, concerts, the Symbal.by shop ecosystem); no corporate sponsor roster","Founded 24 Dec 2011 by Stas Babaitsau, Franak Viačorka, Zmicier Afanasenka and Pavel Belavus to promote Belarusian-language culture among the young; moved repeatedly after evictions (Horizont club, Pushkin Ave 28a, an underground flat, Instrumentalnaya 6 from Oct 2013). Map point is approximate, near the last premises.",,new,https://www.svaboda.org/a/31637620.html,https://be.wikipedia.org/wiki/Арт_Сядзіба,https://nashaniva.com/404675,53.889,27.622
Belarusian State Museum of the History of the Great Patriotic War,Minsk,Belarus,Roster unverified,Small or mid,Belarusian state budget (state institution of culture); no sponsors named on its site,"Belarus's most-visited museum, in the 2014 'Victory' building at Praspiekt Pieramožcaŭ 8 (4,200 m2, 10 halls, 8,000+ exhibits shown). Wikipedia cites Belstat for 196,700 visitors in 2020 (Covid year) and also carries an unsourced 'about 570,000 a year' line; the museum's own site says only 'hundreds of thousands'. Sized S on the verifiable figure; could be L if the pre-Covid claim holds.",,new,https://ru.wikipedia.org/wiki/Белорусский_государственный_музей_истории_Великой_Отечественной_войны,https://war.museum.by/,,53.916,27.538
National Centre for Contemporary Arts,Minsk,Belarus,Roster unverified,Small or mid,Belarusian state budget via the Ministry of Culture; no sponsor roster readable,"State body formed 1 Oct 2015 by merging the Museum of Modern Fine Arts (1997) with the Creative Workshops centre; c.4,936 works; venues at Nekrasova 3 and Independence Ave 47. Director Siarhei Kryshtapovich (since 2018) was commissioner of Belarus's last official Venice pavilion, 'Exit' (2019), organised with the Culture Ministry and the embassy in Italy. Its sites (ncsm.by, artmodern.museum.by) show no partners page. The current and previous culture ministers were not found on sanctions lists in the pages opened.",,new,https://ru.wikipedia.org/wiki/Национальный_центр_современных_искусств_Республики_Беларусь,https://www.belarus.by/en/press-center/speeches-and-interviews/opinion-belarusian-pavilion-will-stand-out-at-58th-venice-biennale-2019_i_0000096176.html,https://en.wikipedia.org/wiki/Ruslan_Chernetsky,53.93,27.597
Ў Gallery of Contemporary Art,Minsk,Belarus,One name to know,Small or mid,"Privately owned by Aliaksandr Vasilevich and Nadzeya Zialiankova; on-site Logvinov bookshop, wine bar and design shop; no corporate sponsor roster published","Minsk's leading independent contemporary-art gallery, opened Oct 2009 (Independence Ave 37A; from 2017 at Kastryčnickaja 19), run by art directors Valentina Kiseleva and Anna Chistoserdova, who now co-run Ambasada Kultury in Berlin. Dissolved 29 Oct 2020.",,new,https://be.wikipedia.org/wiki/Галерэя_Ў,https://ru.wikipedia.org/wiki/Ў_(галерея),https://belaruspodcasthub.com/podcasts/open-muzej-podcast,53.891,27.572
Argos,Brussels,Belgium,Verified,Small or mid,Audiovisual centre subsidised by the Flemish Community since 1994; no corporate sponsor named.,,,,https://visit.argosarts.org/our-mission,,,50.856,4.351
Fondation CAB,Brussels,Belgium,Roster unverified,Small or mid,Private non-profit founded 2012 and funded by collector Hubert Bonnet; no public or corporate roster published.,Founder is sole funder; source of wealth not verified.,,,https://fondationcab.com/about-us,,,50.827,4.366
La Loge,Brussels,Belgium,Verified,Small or mid,"Mainly public funds: Flemish Government, FWB, VGC, Ixelles, COCOF, Brussels-Capital, National Lottery, plus First Sight members.",,,,https://la-loge.be/en,,,50.827,4.371
WIELS,Brussels,Belgium,Verified,Small or mid,"Three governments, Duvel brewery, Phillips.",,,,https://wiels.org/en/become-partner/wiels-partners,,,50.826,4.335
Museum Dhondt-Dhaenens,Deurle,Belgium,Verified,Small or mid,"Private foundation; Flemish Government, Sint-Martens-Latem, Nationale Loterij; Christie's, Deloitte, Duvel, Puilaetco, Axel Vervoordt Gallery.",,,,https://museumdd.be/over/partners,,,51.019,3.628
KIOSK,Ghent,Belgium,Roster unverified,Small or mid,Project support from Schleich-Lentz Foundation and Konschthal Esch.,Core funders not readable.,yes,,https://kiosk.art/,,,51.046,3.716
S.M.A.K.,Ghent,Belgium,Verified,Small or mid,"City and Flemish community; a dredging firm, a parking operator.",,,,https://smak.be/en/support-smak/met-je-bedrijf,,,51.037,3.724
Z33,Hasselt,Belgium,Roster unverified,Small or mid,Kunstenhuis of the Province of Limburg.,Partners not listed in readable form.,yes,,http://z33.be/,,,50.933,5.34
Contour Biennale,Mechelen,Belgium,Verified,Small or mid,"Flemish Community, City of Mechelen, Kunsthal Mechelen as main partner.",Moving-image biennale; public money.,yes,,https://www.contourbiennale.org/about/our-partners/,,,51.031,4.482
Fondation Zinsou,Cotonou,Benin,Verified,Small or mid,"Budget about €1M a year, mostly the Zinsou family (finance) plus about 50 companies; Open Society $100k 2023.",Company list not published.,,,https://fr.wikipedia.org/wiki/Fondation_Zinsou,,,6.366,2.418
Museo Nacional de Arte de Bolivia,La Paz,Bolivia,Verified,Small or mid,"Run since 2003 by the Fundación Cultural del Banco Central de Bolivia, a state foundation.",,,,https://www.fundacionculturalbcb.gob.bo/notas-de-prensa-mna/2022/np-mna-023-2022.php,,,-16.496,-68.134
Thapong Visual Arts Centre,Gaborone,Botswana,One name to know,Small or mid,"2013-14 refit: ministry, DTC Botswana, FNB Foundation, De Beers; BIHL Trust supports workshops.",De Beers is contested elsewhere over diamonds.,,,https://contemporaryand.com/en/places/thapong-visual-arts-centre,,,-24.654,25.909
Casa França-Brasil,Rio de Janeiro,Brazil,Roster unverified,Small or mid,Rio de Janeiro state cultural centre; restoration backed by Fundação Roberto Marinho (media).,Current sponsors unread.,,,https://pt.wikipedia.org/wiki/Casa_Fran%C3%A7a-Brasil,,,-22.901,-43.176
Instituto Tunga,Rio de Janeiro,Brazil,Verified,Small or mid,Artist's estate institute; catalogue raisonné and shows sponsored by Itaú Cultural.,Run by Tunga's son.,yes,,https://www.e-flux.com/directory/559899/instituto-tunga/,,,-22.907,-43.173
Museu de Arte Moderna da Bahia,Salvador,Brazil,Verified,Small or mid,State of Bahia museum; no sponsors found.,,,,https://pt.wikipedia.org/wiki/Museu_de_Arte_Moderna_da_Bahia,,,-12.974,-38.518
Instituto Tomie Ohtake,São Paulo,Brazil,One name to know,Small or mid,"About R$25M, free, 665k visitors. Rouanet tax credit, Nubank.","Bloomberg and Votorantim (cement, mining) on roster.",,,https://www.institutotomieohtake.org.br/parceiros-e-patrocinadores/,https://www.cartacapital.com.br/cultura/apos-a-crise-a-celebracao/,,-23.575,-46.699
Museu Lasar Segall,São Paulo,Brazil,Verified,Small or mid,Federal museum under IBRAM; 2013 to 2015 renovation with national culture fund money and a one-off Petrobras grant.,No current sponsor visible.,,,https://pt.wikipedia.org/wiki/Museu_Lasar_Segall,,,-23.586,-46.638
Museu de Arte Brasileira da FAAP,São Paulo,Brazil,Verified,Small or mid,"Kept by the private university foundation FAAP, set up in 1947 from the Penteado estate (property).",University-run museum opened 1961.,yes,,https://www.faap.br/mab/,,,-23.546,-46.66
Pinacoteca de São Paulo,São Paulo,Brazil,Verified,Large,State of São Paulo via APAC contract; B3 stock exchange as maintainer; InfinitePay master sponsor 2026; Lei Rouanet; Itaú institutional sponsor.,2025 sponsor panel is an image; principal funders named on site are finance and fintech.,,,https://pinacoteca.org.br/,https://abramark.com.br/destaques/infinitepay-patrocinadora-pinacoteca-sao-paulo-2026/,,-23.534,-46.634
Sesc São Paulo,São Paulo,Brazil,Verified,Large,"Paid for by a 1.5% payroll levy on commerce, services and tourism firms, set in the 1988 Constitution.",Budgets published in the Official Gazette.,yes,,https://en.wikipedia.org/wiki/Servi%C3%A7o_Social_do_Com%C3%A9rcio,https://www.e-flux.com/announcements/6784487,,-23.562,-46.655
Sa Sa Art Projects,Phnom Penh,Cambodia,Verified,Small or mid,"Small budget (2022); artist auctions, documenta fifteen lumbung funds, US Embassy programme grants.",Artist-run (Stiev Selapak).,,,https://cambodianess.com/article/artists-rally-around-sa-sa-art-projects-to-help-the-ngo-continue-its-programs,https://documenta-fifteen.de/en/lumbung-members-artists/sa-sa-art-projects/,,11.556,104.928
doual'art,Douala,Cameroon,Roster unverified,Small or mid,Independent non-profit (1991) relying on international grant-makers and sponsors.,Runs the SUD Salon Urbain de Douala; roster not public.,,,https://en.wikipedia.org/wiki/Doual%E2%80%99art,,,4.044,9.691
Contemporary Calgary,Calgary,Canada,Verified,Small or mid,City and federal capital; individual donors only.,,,,https://www.contemporarycalgary.com/leadership-circle,,,51.05,-114.088
Confederation Centre of the Arts,Charlottetown,Canada,Roster unverified,Small or mid,Federal and PEI funding plus box office.,Not researched.,,,https://confederationcentre.com/,,,46.235,-63.127
Art Gallery of Alberta,Edmonton,Canada,Verified,Small or mid,"C$6M, 46% government.",,,,https://www.charityintelligence.ca/charity-details/511-art-gallery-of-alberta,,,53.544,-113.489
Art Gallery of Nova Scotia,Halifax,Canada,One name to know,Small or mid,C$5.4M. Provincial crown agency.,"BMO, Scotiabank, TD. New building paused 2022.",,,https://agns.ca/wp-content/uploads/2025/06/AGNS-2024-25-Annual-Report.pdf,https://www.cbc.ca/news/canada/nova-scotia/new-art-gallery-not-priority-for-premier-tim-houston-1.7233118,,44.648,-63.573
Dalhousie Art Gallery,Halifax,Canada,Verified,Small or mid,University gallery; Dalhousie and Canada Council only.,,,,https://artgallery.dal.ca/,,,44.636,-63.591
Art Gallery of Hamilton,Hamilton,Canada,Roster unverified,Small or mid,"177k visitors (2024); City of Hamilton, Ontario, donors.",Sponsor list in the report not screened.,,,https://www.artgalleryofhamilton.com/wp-content/uploads/2025/09/AGH_AnnualReport_2024_WEB.pdf,,,43.257,-79.871
Musée d'art de Joliette,Joliette,Canada,Roster unverified,Small or mid,"Founded 1976 by Father Wilfrid Corbeil; Quebec, Joliette, partners unnamed.",Reports page unavailable.,,,https://www.museejoliette.org/a-propos,,,46.023,-73.44
Kamloops Art Gallery,Kamloops,Canada,One name to know,Small or mid,"City, BC Arts Council, Canada Council.",BC Lottery Corporation.,,,https://kag.bc.ca/our-supporters,,,50.675,-120.336
Galerie de l'UQAM,Montréal,Canada,Verified,Small or mid,"University gallery; partners are Canada Council, CALQ and UQAM only.",Public funders only.,,,https://galerie.uqam.ca/,,,45.513,-73.561
MAC Montréal,Montréal,Canada,One name to know,Small or mid,Quebec crown corporation; Banque Nationale lead.,"Loto-Québec, Power Corp, AtkinsRéalis.",,,https://macm.org/app/uploads/2025/10/Rapport_Annuel_2024-2025.pdf,https://macm.org/le-musee/partenaires,,45.507,-73.567
PHI Foundation,Montréal,Canada,Verified,Small or mid,"Free. Greenberg family, Minto real estate.",,,,https://en.wikipedia.org/wiki/Phoebe_Greenberg,,,45.501,-73.554
The Polygon Gallery,North Vancouver,Canada,Roster unverified,Small or mid,"Canada Council, BC Arts Council, City and District of North Vancouver; Audain (Polygon Homes) naming.",Corporate donors unnamed.,,,https://thepolygon.ca/about/,,,49.309,-123.083
Oakville Galleries,Oakville,Canada,One name to know,Small or mid,"Town, Ontario and Canada arts councils.","TD, Hatch, Woodbine racetrack and casino.",,,https://www.oakvillegalleries.com/funding_partners,,,43.445,-79.666
Musée national des beaux-arts du Québec,Quebec City,Canada,Roster unverified,Small or mid,"Provincial Crown corporation; Quebec ministry, foundation, admissions.",Loto-Québec sponsorship and the Lassonde (mining) pavilion gift not checked.,,,https://s3.ca-central-1.amazonaws.com/mnbaq-assets/production/documents-gouvernance/rapport-de-gestion-2023-2024.pdf,,,46.799,-71.226
MacKenzie Art Gallery,Regina,Canada,One name to know,Small or mid,"Province, city, arts councils.","RBC, TD, Scotiabank.",,,https://mackenzie.art/site-content/uploads/2025/06/03_MAG-Annual-Report_2024-25_FINAL-1.pdf,,,50.434,-104.612
Owens Art Gallery,Sackville,Canada,Roster unverified,Small or mid,Mount Allison University unit; John Owens 1890s shipbuilding bequest.,Not researched.,,,http://mta.ca/owens/,,,45.903,-64.374
Remai Modern,Saskatoon,Canada,One name to know,Small or mid,"C$13M, 204k visitors. City 51%, Remai foundation.","SaskEnergy, Cameco uranium, Sask Lotteries. 2019 board upheaval.",,,https://remaimodern.org/wp-content/uploads/2026/06/2025_Annual_Report_Web_Version.pdf,https://www.ckom.com/2019/02/25/7-members-of-remai-modern-board-ousted-or-leaving/,,52.129,-106.669
The Rooms,St. John's,Canada,Roster unverified,Small or mid,Provincial Crown corporation.,"Offshore-oil sponsorship typical in Newfoundland, not checked.",,,https://www.therooms.ca/,,,47.57,-52.713
Mercer Union,Toronto,Canada,One name to know,Small or mid,Three arts councils.,TD Bank.,,,https://www.mercerunion.org/about,,,43.663,-79.436
The Power Plant,Toronto,Canada,One name to know,Small or mid,Harbourfront affiliate; three arts councils.,BMO and RBC banks.,,,https://www.thepowerplant.org/join-and-support,,,43.638,-79.381
Contemporary Art Gallery,Vancouver,Canada,One name to know,Small or mid,"Canada Council, BC Arts Council, BC Gaming branch, City of Vancouver, Connor Clark & Lunn.",BC community gaming grant is lottery-proceeds money.,,,https://cagvancouver.org/about,,,49.278,-123.121
Art Gallery of Greater Victoria,Victoria,Canada,Roster unverified,Small or mid,"BC, City of Victoria, members.",Not researched beyond the site.,,,https://aggv.ca/about/,,,48.428,-123.348
Audain Art Museum,Whistler,Canada,Verified,Small or mid,"Audain foundation, Polygon Homes.",,,,https://audainartmuseum.com/support/,https://www.cbc.ca/news/canada/british-columbia/whistlers-audain-art-museum-opens-to-the-public-1.3475154,,50.116,-122.957
Plug In ICA,Winnipeg,Canada,Verified,Small or mid,"Three arts councils, a benefits firm.",,,,https://plugin.org/sponsors/,,,49.889,-97.146
Winnipeg Art Gallery-Qaumajuq,Winnipeg,Canada,Roster unverified,Small or mid,"Manitoba, Canada, City of Winnipeg, members.",Annual report blocked.,,,https://www.wag.ca/annual-report-24/,,,49.89,-97.149
Museo de Arte Contemporáneo de Santiago,Santiago,Chile,Verified,Small or mid,"Universidad de Chile, Facultad de Artes; no corporate sponsor found.",,,,https://mac.uchile.cl/,,,-33.435,-70.64
He Art Museum,Foshan,China,Roster unverified,Small or mid,"Private, founded by the family of Midea's founder (appliance manufacturing).",Roster not checked.,yes,,https://www.e-flux.com/announcements/?i=He Art Museum,,,22.84,113.25
Guangdong Times Museum,Guangzhou,China,Verified,Small or mid,"About RMB10M a year from developer Times China; shut Oct 2022 in the property crash, reopened Mar 2024 on a quarter budget.","Property founder money, named.",,,https://www.theartnewspaper.com/2024/03/26/guangdong-times-museum-reopens-after-money-issues,,,23.161,113.294
How Art Museum,Shanghai,China,Verified,Small or mid,"Opened 2017, privately funded by collector Zheng Hao (property and hotels).",,,,https://www.theartnewspaper.com/2017/09/22/chinese-hotelier-collector-opens-shanghais-newest-private-museum,,,31.196,121.593
Power Station of Art,Shanghai,China,Verified,Large,"State museum under the Shanghai culture administration; $64M municipal conversion 2012; free entry, 700k visitors 2019.",,,,https://en.wikipedia.org/wiki/Power_Station_of_Art,,,31.191,121.494
Rockbund Art Museum,Shanghai,China,Verified,Small or mid,Hong Kong property company.,,,,https://www.rockbundartmuseum.org/en/,,,31.244,121.487
OCAT Shenzhen,Shenzhen,China,One name to know,Small or mid,"Founded 2005 and funded by state-owned OCT Group (property, theme parks); network closed 2022 to 2023.",Sibling OCAT Shanghai pulled a misogynistic video work in 2021.,,,https://www.theartnewspaper.com/2023/09/27/whats-behind-chinas-spate-of-museum-closures-and-downsizings,,,22.537,113.982
Hubei Museum of Art,Wuhan,China,Roster unverified,Small or mid,Provincial state museum.,Roster not checked.,yes,,https://www.e-flux.com/directory/73360/hubei-museum-of-art/,,,30.554,114.348
Museum of Contemporary Art Yinchuan,Yinchuan,China,Roster unverified,Small or mid,Private museum founded by a property developer.,Founder link and roster not verified.,yes,,https://www.e-flux.com/announcements/?i=Museum of Contemporary Art Yinchuan,,,38.583,106.389
"Fragmentos, Espacio de Arte y Memoria",Bogotá,Colombia,Verified,Small or mid,Colombian Ministry of Culture space run by the Museo Nacional.,Doris Salcedo's counter-monument cast from melted FARC weapons.,yes,,http://fragmentos.gov.co/Paginas/default.aspx,,,4.595,-74.074
Museo de Arte Moderno de Bogotá,Bogotá,Colombia,Roster unverified,Small or mid,Private non-profit; Bancolombia hosts a satellite room; alliances page names no sponsors.,,,,https://www.mambogota.com/alianzas,,,4.615,-74.07
Museo La Tertulia,Cali,Colombia,Roster unverified,Small or mid,"Private museum; allies Comfandi, Colegio Alemán, Universidad del Valle, Fundación Scarpetta Gnecco.",,,,https://www.comfandi.com.co/personas/cultura/alianza-comfandi-y-museo-la-tertulia,,,3.449,-76.545
Museo de Antioquia,Medellín,Colombia,Verified,Small or mid,"Ministry of Cultures, Alcaldía de Medellín, Bancolombia, SURA insurance, EPM municipal utility, Chamber of Commerce.",,,,https://www.museodeantioquia.co/,,,6.252,-75.569
Museo de Arte y Diseño Contemporáneo,San José,Costa Rica,Verified,Small or mid,Paid through the national budget law as an agency of the Ministry of Culture.,Publishes its budgets online.,,,https://madc.cr/es/presupuestos,,,9.935,-84.072
TEOR/éTica,San José,Costa Rica,Roster unverified,Small or mid,Private non-profit founded 1999 by Virginia Pérez-Ratton; funders not disclosed.,,,,https://teoretica.org/,,,9.939,-84.074
Museum of Contemporary Art Zagreb,Zagreb,Croatia,Roster unverified,Small or mid,City of Zagreb; listed sponsors include public companies ZET and HRT.,No INA (MOL group) link found.,,,https://www.e-flux.com/directory/71652/museum-of-contemporary-art-zagreb,,,45.778,15.977
Museo Nacional de Bellas Artes de La Habana,Havana,Cuba,One name to know,Small or mid,Run and paid for by the Cuban state through the Ministry of Culture.,Its ministry is the target of the 2021 27N biennial boycott.,yes,,https://www.e-flux.com/directory/166308/national-fine-arts-museum-of-havana/,https://www.artnews.com/art-news/news/havana-biennial-2021-protests-artists-drop-out-1234609948/,,23.141,-82.358
DOX Centre for Contemporary Art,Prague,Czechia,Roster unverified,Small or mid,Private centre founded by Leoš Válka (property).,Sponsor list not read.,,,https://www.dox.cz,,,50.107,14.449
Galerie Rudolfinum,Prague,Czechia,Roster unverified,Small or mid,State-funded kunsthalle in the Rudolfinum.,Roster not verified.,,,https://www.galerierudolfinum.cz,,,50.09,14.415
Kunsthalle Praha,Prague,Czechia,Verified,Small or mid,About $40M (2022) capital from the Pudil Family Foundation (family office); no Czech state money.,Finance and investment founder money.,,,https://www.theartnewspaper.com/2022/02/21/new-euro35m-kunsthalle-praha-gallery-backed-by-private-collectors-opens-in-prague,https://www.kunsthallepraha.org/en/team-mission,,50.091,14.411
Fondation Donwahi,Abidjan,Côte d'Ivoire,Roster unverified,Small or mid,"Founder Illa Donwahi's own funds (agribusiness), private patrons and annual partner grants.",Patrons not named.,,,https://www.jeuneafrique.com/mag/529540/culture/cote-divoire-la-fondation-donwahi-un-havre-dart-et-de-paix-a-abidjan/,,,5.343,-3.994
Picha / Lubumbashi Biennale,Lubumbashi,DR Congo,Verified,Small or mid,"Founders' own money, private donors, French and Belgian cultural agencies, 2026 crowdfunding.",Artist-led; urgent funding call Aug 2026; no mining funder found.,,,https://www.theartnewspaper.com/2026/08/19/artist-led-space-in-the-democratic-republic-of-congo-launches-urgent-call-for-funding,,,-11.664,27.479
ARoS,Aarhus,Denmark,Verified,Large,"Salling and Ny Carlsberg foundations, the city.",,,,https://www.aros.dk/da/om/pressemeddelelser-2023/salling-fondene-har-nu-samlet-bidraget-med-100-millioner-kroner-til-aros-udvidelse/,,,56.153,10.2
Ordrupgaard,Charlottenlund,Denmark,Roster unverified,Small or mid,State museum since 1953 on insurer Wilhelm Hansen's bequest; Finn Juhl House funded by a private donor.,No corporate roster found; extension funders not verified.,,,https://en.wikipedia.org/wiki/Ordrupgaard,,,55.766,12.573
Copenhagen Contemporary,Copenhagen,Denmark,One name to know,Small or mid,"Culture Ministry, City of Copenhagen, Statens Kunstfond, about 18 foundations (A.P. Møller, Ny Carlsberg, Nordea, Spar Nord).","Augustinus Fonden, which holds a Scandinavian Tobacco stake, is on the 2025 roster.",,,https://copenhagencontemporary.org/en/about/,,,55.691,12.612
Kunsthal Charlottenborg,Copenhagen,Denmark,One name to know,Small or mid,"Ministry, Statens Kunstfond, Ny Carlsberg, A.P. Møller.",Augustinus Fonden holds a Scandinavian Tobacco stake.,,,https://kunsthalcharlottenborg.dk/en/information-2/support/,,,55.68,12.585
Ny Carlsberg Glyptotek,Copenhagen,Denmark,Verified,Large,"Carlsberg foundations, DKK 1.5B.",Beer.,,,https://www.carlsbergfondet.dk/en/news/the-carlsberg-foundation-donates-a-historic-grant-to-future-proof-the-ny-carlsberg-glyptotek/,,,55.673,12.572
HEART Herning,Herning,Denmark,Roster unverified,Small or mid,Collection founded by shirt manufacturer Aage Damgaard; current roster not found.,Roster unverified.,,,https://heartmus.dk/om-heart/,,,56.13,8.999
Louisiana Museum of Modern Art,Humlebæk,Denmark,Verified,Large,716k visitors. Danish family foundations plus a 26% state grant.,Shipping and beer foundations.,,,https://louisiana.dk/en/organization/,https://louisiana.dk/wp-content/uploads/2025/05/Louisiana-Museum-Aarsrapport-2024.pdf,,55.969,12.543
Centro de Arte Contemporáneo de Quito,Quito,Ecuador,Verified,Small or mid,Run by the municipal Fundación Museos de la Ciudad.,In the old military hospital.,,,https://fundacionmuseosquito.gob.ec/,,,-0.209,-78.506
Contemporary Image Collective,Cairo,Egypt,Verified,Small or mid,"Non-profit founded 2004; Ford Foundation, British Council, AFAC grant 2024.",,,,https://www.arabculturefund.org/Projects/7437,,,30.045,31.238
Medrar for Contemporary Art,Cairo,Egypt,Verified,Small or mid,"Small budget (2022); AFAC and Swiss SDC grants, Foundation for Arts Initiatives, Roberto Cimetta Fund, Netherlands Embassy.",Artist collective since 2005; runs the Cairo Video Festival.,,,https://medrar.org/about/,,,30.036,31.232
Museum of Modern Egyptian Art,Cairo,Egypt,Verified,Small or mid,State museum run by Egypt's Ministry of Culture; founded 1927; no sponsors.,,,,https://en.wikipedia.org/wiki/Museum_of_Modern_Egyptian_Art,,,30.041,31.223
Kumu Art Museum,Tallinn,Estonia,Roster unverified,Small or mid,Part of the state-funded Art Museum of Estonia.,No Eesti Energia link found.,yes,,https://www.e-flux.com/directory/74093/kumu-art-museum,,,59.437,24.796
Zoma Museum,Addis Ababa,Ethiopia,Verified,Small or mid,"Opened 2019, funded by founders Elias Sime and Meskerem Assegued via art sales; sponsors Bank of Abyssinia, Hyatt Regency, US Embassy, James Cohan.",,,,https://news.artnet.com/art-world/zoma-museum-opens-ethiopia-1501450,,,8.985,38.722
EMMA Espoo Museum of Modern Art,Espoo,Finland,Roster unverified,Small or mid,"City of Espoo, plus the Saastamoinen Foundation collection.",Sponsors not checked.,,,https://emmamuseum.fi,,,60.179,24.796
Amos Rex,Helsinki,Finland,Verified,Small or mid,"Amos Anderson media foundation; a newspaper, a speaker maker.",,,,https://amosrex.fi/en/amos-rex/partners/,,,60.17,24.937
Serlachius Museums,Mänttä,Finland,Roster unverified,Small or mid,"Gösta Serlachius Fine Arts Foundation, endowed from a paper and forestry fortune.",Roster not verified.,,,https://www.serlachius.fi,,,62.031,24.623
Fondation Vincent van Gogh Arles,Arles,France,One name to know,Small or mid,Maja Hoffmann.,Roche heir.,,,https://www.fondation-vincentvangogh-arles.org/en/,,,43.677,4.628
Luma Arles,Arles,France,One name to know,Small or mid,"Maja Hoffmann, over €150M invested.","Roche heir; gentrification critique, no sponsor protest.",,,https://en.wikipedia.org/wiki/LUMA_Arles,,,43.674,4.634
Frac des Pays de la Loire,Carquefou,France,Verified,Small or mid,"French state (DRAC), Région Pays de la Loire; main patron Fondation Sodebo since 2012.",Food and packaging patrons.,yes,,https://fracdespaysdelaloire.com/mecenat/,,,47.302,-1.504
Le Consortium,Dijon,France,Verified,Small or mid,"€1.65M. City, region, state.",,,,https://www.leconsortium.fr/en,,,47.315,5.045
49 Nord 6 Est – Frac Lorraine,Metz,France,Roster unverified,Small or mid,French state (DRAC) and Région Grand Est; patron list unreadable.,,yes,,https://www.fraclorraine.org/partenariats/mecenat/,,,49.121,6.179
"Le 19, Crac",Montbéliard,France,Verified,Small or mid,"French state, Région Bourgogne-Franche-Comté, City of Montbéliard, Pays de Montbéliard Agglomération.",Public money only.,yes,,https://le19crac.com/en/about,,,47.511,6.801
Fondation Cartier,Paris,France,Verified,Large,Cartier only. New Palais-Royal building 2025.,,,,https://parisjetaime.com/eng/article/fondation-cartier-contemporary-art-paris-a1911,https://www.businessimmo.com/actualites/article/1776853843/sfl-va-tourner-la-page-du-louvre-des-antiquaires-avec-cartier,,48.864,2.337
Musée de la Chasse et de la Nature,Paris,France,Verified,Small or mid,155k visitors. The Sommer flooring foundation.,,,,https://fondationfrancoissommer.org/le-musee/,,,48.861,2.361
Palais de Tokyo,Paris,France,Verified,Large,Swiss Life Foundation and a responsible-sponsorship circle.,Only explicit responsible-sponsorship programme found in France.,,,https://www.culture.gouv.fr/actualites/le-palais-de-tokyo-mise-sur-le-mecenat-responsable,,,48.864,2.297
CEAAC,Strasbourg,France,Verified,Small or mid,"DRAC Grand Est, Région Grand Est, Collectivité européenne d'Alsace, Ville de Strasbourg.",Art centre and residency hub.,yes,,https://ceaac.org/fr/le-ceaac/a-propos/,,,48.579,7.76
Crac Occitanie,Sète,France,Verified,Small or mid,Run directly by the Région Occitanie.,No private sponsors.,yes,,https://crac.laregion.fr/Les-partenaires-44535,,,43.399,3.698
Château de Versailles,Versailles,France,One name to know,Large,"AXA, Saint-Gobain, Rolex.","Dior, whose parent LVMH is under fire over tax rebates.",,,https://fr.wikipedia.org/wiki/M%C3%A9c%C3%A9nat_au_domaine_de_Versailles,,,48.805,2.12
Kropka (Belarusian community space; listed in place of 'Krokva'),Tbilisi,Georgia,Roster unverified,Small or mid,Grants from unnamed international foundations cover about two-thirds of costs; visitor donations; one paid coordinator funded by donor organisations,"The brief's 'Krokva' matched no Belarusian cultural space in English, Russian or Belarusian searches (Krokva is a Lahoisk-district village and a surname). Kropka, opened Mar 2022 in Sololaki by Belarusian activists who fled repression, is the closest match: 700+ events and 5,000+ visitors, free coworking, screenings, language clubs, support groups; keeps a deliberately low profile under Georgia's foreign-agent law.",,new,https://tol.org/client/article/a-belarusian-island-in-the-caucasus.html,https://paperpaper.io/ot-kraftovyh-barov-do-art-obedineniya-5/,,41.691,44.798
Kunsthalle Tbilisi,Tbilisi,Georgia,Roster unverified,Small or mid,Roving space founded 2018; mostly private donors with a small municipal share.,Donors not named.,,,https://theartnewspaper.com/analysis/can-tbilisi-sustain-an-art-market,,,41.716,44.793
Ambasada Kultury,Berlin,Germany,Roster unverified,Small or mid,"German Federal Foreign Office (PerspAKTIV residencies 2022–2025, run with RAZAM e.V. and Galeria Miejska Arsenał, Poznań, earlier Fundacja IN SITU); CEC ArtsLink residency partnership; no full roster published","Initiative of Belarusian culture workers from Minsk, co-founded by former Ў Gallery directors Valiantsina Kisialeva and Hanna Chystaserdava; projects Open Muzej, Antiwarcoalition.art, EVAa, Secondary Archive. CEC ArtsLink lists it as Berlin-based while its own PerspAKTIV page tags it 'Belarus/Lithuania'; no street address is published, so the map point is central Berlin.",,new,https://www.cecartslink.org/participant/ambasad-kultury-belarus-germany/,https://ambasada.art/PerspAKTIV,https://ambasada.art/We-are,52.533,13.36
KW Institute for Contemporary Art,Berlin,Germany,Verified,Small or mid,"Berlin Senate, Schering Stiftung, Stoschek collection.",,,,https://www.kw-berlin.de/en/support/donations,,,52.527,13.397
Staatliche Museen zu Berlin,Berlin,Germany,Verified,Large,"€275M. Federal 71%, Länder; Sparkassen savings banks.",,,,https://www.smb.museum/en/whats-new/detail/the-staatliche-museen-zu-berlin-and-the-sparkassen-finanzgruppe-extend-their-partnership-for-two-more-years/,https://www.preussischer-kulturbesitz.de/en/about-us/current-figures/the-2021-budget.html,,52.52,13.398
Kunstverein Bielefeld,Bielefeld,Germany,Verified,Small or mid,"Members plus regional partners: Sparkasse Bielefeld, Hörmann, DMG MORI, Dr. Wolff, Gundlach, Bautra.",Regional firms only.,yes,,https://www.kunstverein-bielefeld.de/,https://www.e-flux.com/directory/6782515/kunstverein-bielefeld/,,52.019,8.529
Bonner Kunstverein,Bonn,Germany,Roster unverified,Small or mid,"Project funders: Kunststiftung NRW, NRW culture ministry, Kemmler Foundation, Art Explora.",Core roster not read.,yes,,https://www.e-flux.com/announcements/6787546/dora-budormy-energy-comes-from-freedom,,,50.739,7.087
Kunsthalle Bremen,Bremen,Germany,One name to know,Small or mid,"Run by a 10k-member Kunstverein; state, savings bank, EY.",Reemtsma tobacco-origin foundation.,,,https://www.kunsthalle-bremen.de/de/der-kunstverein-in-bremen/sponsoren-und-foerderer,,,53.073,8.815
Museum Ludwig,Cologne,Germany,Verified,Small or mid,City and the Ludwig chocolate foundation.,,,,https://www.museum-ludwig.de/en/home/museum/the-museum/partners-and-supporters,,,50.941,6.96
Kunstverein für die Rheinlande und Westfalen,Düsseldorf,Germany,One name to know,Small or mid,"City of Düsseldorf, de Haen-Carstanjen & Söhne, Stadtwerke Düsseldorf as permanent partner.",Stadtwerke Düsseldorf is majority-owned by EnBW and runs gas generation.,yes,,https://kunstverein-duesseldorf.de/en/about/sponsors/,https://www.e-flux.com/announcements/6787100/maximiliane-baumgartnerproxy-der-b-rger-als-pflanze,,51.227,6.776
Portikus,Frankfurt,Germany,Verified,Small or mid,"City of Frankfurt culture office (permanent), Hessen arts ministry; building by Helaba and Wüstenrot Stiftung.",Public core funding.,yes,,https://www.portikus.de/en/about,https://www.e-flux.com/announcements/6785666/saodat-ismailovawhen-the-water-turns-to-wind,,50.108,8.687
Kunsthaus Hamburg,Hamburg,Germany,Verified,Small or mid,"Hamburg Ministry of Culture and Media, Claussen-Simon-Stiftung, Kemmler Foundation.",Public money plus foundations.,yes,,https://www.e-flux.com/announcements/6787562/melike-karawhispers,,,53.549,10.007
Kestner Gesellschaft,Hanover,Germany,One name to know,Small or mid,"Land Niedersachsen, about 2,500 members, NDR, and about 30 Hanover corporate partners including Talanx, Hannover Rück, NORD/LB.",Talanx/HDI has been a target of the Insure Our Future coal-insurance campaign.,yes,,https://kestnergesellschaft.de/en/page/corporate_partners,https://www.e-flux.com/announcements/6787074/richard-hawkinspotentialities,,52.377,9.731
E-WERK Luckenwalde,Luckenwalde,Germany,Verified,Small or mid,"Kulturstiftung des Bundes, federal culture commissioner, Brandenburg ministry, Teltow-Fläming district, Mittelbrandenburgische Sparkasse.",Former coal plant turned art power station.,yes,,https://www.e-flux.com/announcements/6787787/asad-razaelectricity,,,52.084,13.154
Kunsthalle Mainz,Mainz,Germany,One name to know,Small or mid,"Mainzer Stadtwerke, Mainzer Fernwärme, Mainzer Verkehrsgesellschaft, City of Mainz, Rhineland-Palatinate, Volksbank, Sparkasse.",Main partners are municipal utilities including gas-fired district heating.,yes,,https://www.kunsthalle-mainz.de/de/partners-and-supporters,https://www.e-flux.com/announcements/6787577/friendship,,50.012,8.262
Kunsthalle Mannheim,Mannheim,Germany,Verified,Small or mid,"City and the Hector foundation, an SAP co-founder.",,,,https://www.mannheim.de/de/nachrichten/50-millionen-euro-fuer-die-kunsthalle,https://www.kuma.art/de/kunsthalle-mannheim/stifterkreis,,49.483,8.475
Kunstverein München,Munich,Germany,Roster unverified,Small or mid,"Members' association; only project funders visible (Flanders State of the Art, Danish Arts Foundation).",Core roster not published.,yes,,https://www.kunstverein-muenchen.de/en,,,48.144,11.58
Lenbachhaus,Munich,Germany,Verified,Small or mid,371k visitors. City-owned.,,,,https://www.lenbachhaus.de/en/,,,48.147,11.564
Kunsthalle Münster,Münster,Germany,Verified,Small or mid,Municipal institution of the City of Münster; exhibitions by Kunststiftung NRW; fellowships with Pro Helvetia.,Fully public.,yes,,https://www.kunsthallemuenster.de/de/ueber/,https://www.e-flux.com/announcements/6787570/zauri-matikashviliyou-may-not-want-to-be-here,,51.952,7.644
Haus für Medienkunst Oldenburg,Oldenburg,Germany,Verified,Small or mid,Exhibition house of the City of Oldenburg; media-art grants from Stiftung Niedersachsen.,Formerly Edith-Russ-Haus.,yes,,https://hausmedienkunst.de/en/about-us/grants/,https://www.e-flux.com/announcements/6785723/noah-berrieantiphon,,53.144,8.208
Kunsthalle Recklinghausen,Recklinghausen,Germany,Verified,Small or mid,"Museen der Stadt Recklinghausen, NRW culture ministry, Förderverein für Bildende Kunst; WDR 3 media partner.",Municipal; no corporate sponsors.,yes,,https://kunsthalle-recklinghausen.de,https://www.e-flux.com/announcements/6787511/ragnar-kjartanssonsunday-without-love,,51.613,7.2
Nubuke Foundation,Accra,Ghana,Verified,Small or mid,"Private foundation (2006); EU and OACPS AWA programme via Institut français, British Council.",,,,https://nubukefoundation.com/Funders,,,5.635,-0.166
EMST National Museum of Contemporary Art,Athens,Greece,Roster unverified,Small or mid,"Greek state €40M by 2020, plus €3M from the Stavros Niarchos Foundation (shipping).","2019 governance dispute over the director, not a funding issue.",,,https://apollo-magazine.com/national-museum-contemporary-art-athens-emst/,,,37.965,23.725
NEON,Athens,Greece,Roster unverified,Small or mid,Private non-profit founded by collector Dimitris Daskalopoulos (food industry).,Roster not read.,yes,,https://www.e-flux.com/directory/72331/neon-parallax,,,37.975,23.735
MOMus,Thessaloniki,Greece,Roster unverified,Small or mid,State museum group under the Greek Ministry of Culture.,Roster not seen.,,,https://www.momus.gr,,,40.666,22.936
Bienal de Arte Paiz,Guatemala City,Guatemala,Roster unverified,Small or mid,24th edition (2025-26) run by Fundación Paiz; founder money from the Paiz retail family.,Sponsors not listed.,yes,,https://www.e-flux.com/announcements/6784277/24th-bienal-de-arte-paizthe-world-tree,https://bienaldeartepaiz.org/,,14.634,-90.507
FOKAL,Port-au-Prince,Haiti,Verified,Small or mid,"Mainly Open Society Foundations, plus Kellogg, Ford, Citi Foundation, the EU and AFD.",Public-utility foundation for arts and civil society since 1995.,,,https://fokal.org/wp-content/uploads/2026/01/Annual-report-2024_web.pdf,,,18.539,-72.335
Ghetto Biennale,Port-au-Prince,Haiti,Verified,Small or mid,"No sponsors; visiting artists pay their own costs, with early crowdfunding.",Run with Atis Rezistans on the Grand Rue.,yes,,https://www.e-flux.com/directory/166268/ghetto-biennale/,https://en.wikipedia.org/wiki/Ghetto_Biennale,,18.543,-72.339
Asia Art Archive,Hong Kong,Hong Kong,Roster unverified,Small or mid,"Individuals, foundations, corporate patrons, HK government agencies and an annual auction; US arm's 2025 grants from Kahlert, Vanguard Charitable and CK & Kay Ho foundations.",Site blocks fetches; roster still unverified.,,,https://ocula.com/magazine/art-news/asia-art-archive-announces-2024-annual-fundraiser/,,,22.283,114.154
"CHAT (Centre for Heritage, Arts and Textile)",Hong Kong,Hong Kong,Verified,Small or mid,"Under the non-profit Mill6 Foundation; founding donor D.H. Chen Foundation, main donor Nan Fung Group (property, former textiles).",,,,https://www.themills.com.hk/en/chat/introduction/,,,22.375,114.113
Para Site,Hong Kong,Hong Kong,Verified,Small or mid,"Small charity; Hong Kong Arts Development Council, a HK$4.5M Home Affairs grant (2014), S.H. Ho Foundation, Foundation for Arts Initiatives, patrons and a benefit auction.",Roster read via site and Wikipedia; gala sponsor logos are an image. No adverse finding.,,,https://www.para-site.art/support/become-a-supporter/,https://en.wikipedia.org/wiki/Para_Site,,22.284,114.223
Ludwig Museum Budapest,Budapest,Hungary,Roster unverified,Small or mid,"Hungarian state, with the Ludwig Foundation collection.",No MOL sponsorship found; roster not seen.,,,https://www.ludwigmuseum.hu/en/exhibition/permanent-revolution-ukrainian-art-today,,,47.469,19.07
Reykjavík Art Museum,Reykjavík,Iceland,Roster unverified,Small or mid,Municipal museum funded by the City of Reykjavík.,Sponsors not checked.,,,https://www.listasafn.is,,,64.149,-21.941
Jehangir Art Gallery,Mumbai,India,Verified,Small or mid,Built 1952 on Sir Cowasji Jehangir's gift (Parsi mercantile family); run by a committee; no external sponsors listed.,,,,https://jehangirartgallery.com/about,,,18.927,72.832
Khoj International Artists' Association,New Delhi,India,One name to know,Small or mid,"Artist-run since 1997; Prince Claus Fund, Goethe-Institut, Ford Foundation, Tata and Apeejay trusts, Inlaks, embassies.",Benefactor Sangita Jindal (JSW steel and coal power) is the one contested name.,,,https://khojstudios.org/supporters/,https://www.theartnewspaper.com/2025/02/03/khoj-artists-association-in-delhi-holds-fundraising-show-at-perilous-time-for-indias-non-profits,,28.528,77.246
Selasar Sunaryo Art Space,Bandung,Indonesia,Verified,Small or mid,"Founded 1998; paid largely from artist Sunaryo's own pocket; project partners Goethe-Institut, Japan Foundation, IFI, British Council.",,,,https://universes.art/en/nafas/articles/2010/selasar-sunaryo,,,-6.865,107.632
Cemeti Institute for Art and Society,Yogyakarta,Indonesia,Roster unverified,Small or mid,"Artist-founded 1988; past funders Ford Foundation, Prince Claus Fund, HIVOS; Mondriaan Fund residency partner.",Current site names no supporters.,,,https://www.mondriaanfonds.nl/en/apply-for-a-grant/grants/residency/cemeti-institute-for-art-and-society-yogyakarta-indonesie/,,,-7.815,110.372
Ruya Foundation,Baghdad,Iraq,Roster unverified,Small or mid,"Founded 2012; private, no Iraqi government money; Prince Claus Fund project grants.",Organises the Iraq Pavilion in Venice; private donors not named.,,,https://en.wikipedia.org/wiki/Ruya_Foundation,,,33.315,44.366
VISUAL,Carlow,Ireland,Verified,Small or mid,"Arts Council and county council, no sponsors.",,,,https://www.visualcarlow.ie/,,,52.835,-6.933
Crawford Art Gallery,Cork,Ireland,Verified,Small or mid,"State-funded, no sponsors.",,,,https://crawfordartgallery.ie/,,,51.899,-8.472
The Glucksman,Cork,Ireland,Roster unverified,Small or mid,"University College Cork-run; Arts Council, Department of Culture, UCC; about 91k visits.",Sponsor pages unavailable.,,,https://www.glucksman.org/about/information/history,,,51.894,-8.491
Douglas Hyde Gallery,Dublin,Ireland,Verified,Small or mid,"€574k income (FY2025); Arts Council €378k, Trinity College Dublin premises, Kerlin Gallery, mother's tankstation, patrons.",,,,https://thedouglashyde.ie/wp-content/uploads/2026/08/DHG_2025_Audited_Accounts.pdf,,,53.343,-6.256
Hugh Lane Gallery,Dublin,Ireland,Roster unverified,Small or mid,Dublin City Council-run; closed Sep 2025 for a three-year refurbishment.,Site blocks fetches.,,,https://www.dublincity.ie/culture-art-and-film/arts-culture-public-spaces/hugh-lane-gallery,,,53.354,-6.265
Temple Bar Gallery + Studios,Dublin,Ireland,Verified,Small or mid,"Arts Council, a law firm, Dublin Port.",,,,https://www.templebargallery.com/about-us/our-partners,,,53.345,-6.264
Lismore Castle Arts,Lismore,Ireland,Verified,Small or mid,Private Cavendish initiative with Arts Council support.,,,,https://www.lismorecastlearts.ie/,,,52.137,-7.933
The Model,Sligo,Ireland,Verified,Small or mid,"Arts Council and county council, no sponsors.",,,,https://www.themodel.ie/,,,54.272,-8.472
GAMeC,Bergamo,Italy,Roster unverified,Small or mid,"City of Bergamo, with corporate sponsors including SABO (manufacturer).",Full sponsor list not seen.,,,https://sabo.com/sabo-is-sponsor-of-gamec-the-gallery-of-modern-and-contemporary-art-in-bergamo/,,,45.701,9.675
MAMbo,Bologna,Italy,Roster unverified,Small or mid,Municipal museum of the City of Bologna.,No Eni link found.,,,https://www.mambo-bologna.org,,,44.501,11.336
Museion,Bolzano,Italy,Roster unverified,Small or mid,"Autonomous Province of Bolzano, plus members and exhibition sponsors.",Exhibition-sponsor page not read; no Eni link found.,,,https://www.museion.it/it/pagine/5354-chi-siamo,,,46.496,11.348
Uffizi,Florence,Italy,Verified,Large,"5.3M visitors. Keeps its own box office; Ferragamo, a bank foundation.",,,,https://www.uffizi.it/news/al-via-i-nuovi-uffizi-diffusi-le-gallerie-e-fondazione-cr-firenze-insieme,https://www.artribune.com/tribnews/2014/05/salvatore-ferragamo-mecenate-di-firenze-la-casa-di-moda-dona-600mila-euro-agli-uffizi-serviranno-a-riallestire-in-un-anno-otto-nuove-sale-sul-quattrocento-fiorentino/,,43.768,11.255
Fondazione Prada,Milan,Italy,Verified,Large,Prada only. Runs near break-even.,,,,https://www.fondazioneprada.org/wp-content/uploads/FP-E-IR%202017-2019.pdf,,,45.444,9.204
Pirelli HangarBicocca,Milan,Italy,Verified,Large,Pirelli only.,,,,https://pirellihangarbicocca.org/en/pirelli-hangarbicocca/,,,45.523,9.22
Madre,Naples,Italy,Roster unverified,Small or mid,"Fondazione Donnaregina, funded by the Campania region.",Roster not verified.,,,https://www.madrenapoli.it,,,40.855,14.256
Centro Pecci,Prato,Italy,Roster unverified,Small or mid,Funded by the City of Prato and the Tuscany region.,Roster not verified.,,,https://www.centropecci.it,,,43.869,11.101
MAXXI,Rome,Italy,One name to know,Small or mid,"About 500k visitors. Ministry of Culture, Regione Lazio.","Enel, a utility with gas generation.",,,https://www.maxxi.art/en/sostienici/,,,41.928,12.466
Castello di Rivoli,Turin,Italy,Verified,Small or mid,€4.8M. Region and two bank foundations.,,,,https://www.castellodirivoli.org/wp-content/uploads/2024/05/BILANCIO-CONSUNTIVO-E-RELAZIONE-ATTIVITA-2023.pdf,,,45.071,7.516
Fondazione Sandretto Re Rebaudengo,Turin,Italy,Roster unverified,Small or mid,Private foundation of Patrizia Sandretto Re Rebaudengo; family links to Asja Energy (renewables).,No excluded funder found.,,,https://fsrr.org/en/info/,,,45.057,7.656
"Official. Unofficial. Belarus (Belarus at the Venice Biennale, 2026 collateral event)",Venice,Italy,Roster unverified,Small or mid,"Commissioned and organised by Belarus Free Theatre; exhibition production by M+B Studio, Venice; no sponsors or public funders named","9 May–22 Nov 2026 at the church of San Giovanni Evangelista, San Polo 2454, an official collateral event of the 61st Biennale, curated by Daniella and Natalia Kaliada with Tsesler, Padhaiskaya, Hrynevich, Khalezin and chef Rasmus Munk; audio by Gillian Anderson, Stephen Fry, Jude Law and others. The state pavilion (Culture Ministry + NCCA, commissioner Kryshtapovich; last shown 2019, 'Exit') was absent in 2022 and 2024, so this is the first Belarusian presence since 2019 and it is unofficial.",yes,new,https://www.e-flux.com/announcements/6787189/official-unofficial-belarus,https://www.mplusb.eu/project/official-unofficial-belarus/,http://web.archive.org/web/20260514173151/https://news.zerkalo.io/life/127038.html,45.438,12.326
Venice Biennale,Venice,Italy,One name to know,Large,"illycaffè, Swatch, Bulgari, Zegna.",Bloomberg Philanthropies on roster.,,,https://www.prnewswire.com/news-releases/illycaffe-is-main-sponsor-of-the-60th-international-art-exhibition--la-biennale-di-venezia-302068400.html,https://www.milanoluxurylife.it/venice-biennale-2026-brands-luxury-patronage/,,45.429,12.358
National Gallery of Jamaica,Kingston,Jamaica,Verified,Small or mid,Government of Jamaica via the Institute of Jamaica; no sponsors found.,,,,https://en.wikipedia.org/wiki/National_Gallery_of_Jamaica,,,17.969,-76.793
Aomori Museum of Art,Aomori,Japan,Roster unverified,Small or mid,Prefectural museum run by Aomori Prefecture; admissions.,Exhibition sponsor list not readable.,,,https://www.aomori-museum.jp/about/,,,40.812,140.699
Beppu Contemporary Art Festival,Beppu,Japan,Roster unverified,Small or mid,Run by the BEPPU PROJECT NPO with the city.,Roster not checked.,yes,,https://www.e-flux.com/directory/166640/beppu-contemporary-art-festival/,,,33.284,131.491
Hakone Open-Air Museum,Hakone,Japan,Verified,Small or mid,"Public-interest foundation founded 1969 by the Fujisankei media group; admissions, art lending, shop.",,,,https://www.hakone-oam.or.jp/aboutus/,,,35.245,139.052
Pola Museum of Art,Hakone,Japan,Verified,Small or mid,"Pola Art Foundation, endowed 1996 from Tsuneshi Suzuki's fortune; POLA ORBIS group support; admissions.",Cosmetics founder money.,,,https://www.polamuseum.or.jp/about/pola-art-foundation/,,,35.263,139.008
Hiroshima City Museum of Contemporary Art,Hiroshima,Japan,Roster unverified,Small or mid,"Municipal, run by the City of Hiroshima's culture foundation.",Municipal museum; roster not checked.,yes,,https://www.e-flux.com/announcements/?i=Hiroshima City Museum of Contemporary Art (Hiroshima MOCA),,,34.383,132.469
"21st Century Museum of Contemporary Art, Kanazawa",Kanazawa,Japan,Roster unverified,Large,"Municipal, run by the Kanazawa Art Promotion Foundation.",Attendance widely reported above 1M a year; roster not checked.,yes,,https://www.e-flux.com/announcements/?i=21st Century Museum of Contemporary Art,,,36.561,136.658
Ohara Museum of Art,Kurashiki,Japan,Verified,Small or mid,"Ohara Art Foundation; official partners Kurabo, Kuraray, Chugoku Bank, Sanyo Shimbun and about 150 Okayama firms.","Textiles and chemicals founder money, named.",,,https://www.ohara.or.jp/official/,,,34.597,133.771
Art Tower Mito,Mito,Japan,Verified,Small or mid,Mito City allots 1% of its budget; run by the Mito Arts Foundation with a city endowment; supporter memberships.,,,,https://www.arttowermito.or.jp/zaidan/gaiyo.html,,,36.376,140.468
Benesse Art Site Naoshima,Naoshima,Japan,Verified,Small or mid,Fukutake education-publishing foundation.,,,,https://www.mecenat.or.jp/en/activities/benesse-corporation-naoshima-fukutake-art-museum-foundation,,,34.457,133.986
Okayama Art Summit,Okayama,Japan,One name to know,Small or mid,"Triennial since 2016, about 180k visitors; Okayama City and the Ishikawa Foundation (Stripe International, fashion retail).","2025 row over the artist selection, a curatorial dispute rather than a funder one.",,,https://www.okayamaartsummit.jp/en/about,https://www.tokyoartbeat.com/en/articles/-/controversy-brews-over-rirkrit-tiravanijas-okayama-art-summit,,34.655,133.919
Sapporo International Art Festival,Sapporo,Japan,Roster unverified,Small or mid,Organised by the City of Sapporo's executive committee.,Municipal festival; roster not checked.,yes,,https://www.e-flux.com/announcements/?i=Sapporo International Art Festival,,,43.062,141.354
Hara Museum ARC,Shibukawa,Japan,Verified,Small or mid,Run by the Foundation Arc-en-Ciel since 1988; foundation and admissions income.,,,,https://www.haramuseum.or.jp/en/arc/about/,,,36.5,138.93
Setouchi Triennale,Takamatsu,Japan,One name to know,Large,"Kagawa Prefecture, local towns, Fukutake Foundation; sponsors include JAL, Toshiba and Mitsui & Co.",Mitsui & Co. is a large oil and gas investor (unverified claim).,yes,,https://setouchi-artfest.jp/en/support/grant-sponsor-donation/,,,34.35,134.047
Echigo-Tsumari Art Triennale,Tokamachi,Japan,Roster unverified,Small or mid,"Niigata Prefecture and towns, Agency for Cultural Affairs, Japan Arts Council, Fukutake Foundation (Benesse, education).",Corporate sponsor list not read.,yes,,https://www.e-flux.com/directory/161732/echigo-tsumari-art-triennale/,,,37.128,138.756
21_21 DESIGN SIGHT,Tokyo,Japan,Verified,Small or mid,"Run by the Issey Miyake Design Culture Foundation in Tokyo Midtown, built with Mitsui Fudosan; admissions.",,,,https://www.2121designsight.jp/designsight/,,,35.667,139.729
Artizon Museum,Tokyo,Japan,One name to know,Small or mid,"Ishibashi Foundation, endowed by the founder of Bridgestone (tyres).",Bridgestone's Liberia rubber plantation faced labour lawsuits (unverified claim).,yes,,https://www.e-flux.com/directory/624296/artizon-museum/,,,35.68,139.771
Museum of Contemporary Art Tokyo,Tokyo,Japan,Roster unverified,Small or mid,Tokyo Metropolitan Government museum; budget about ¥1B.,Exhibition sponsors not read.,,,https://www.mot-art-museum.jp/,,,35.68,139.808
Nezu Museum,Tokyo,Japan,Verified,Small or mid,"Public-interest foundation living on endowment, admissions, shop and cafe; takes no Tobu Group donations.",,,,https://www.nezu-muse.or.jp/jp/foundation/index.html,,,35.662,139.717
Tokyo Arts and Space,Tokyo,Japan,Roster unverified,Small or mid,Funded by the Tokyo Metropolitan Foundation for History and Culture.,Municipal residency and venue; roster not checked.,yes,,https://www.e-flux.com/announcements/?i=Tokyo Arts and Space,,,35.707,139.762
Watari-um,Tokyo,Japan,Verified,Small or mid,"Private family museum founded 1990, run by the Watari family with shop and gallery income.",,,,https://en.wikipedia.org/wiki/Watari_Museum_of_Contemporary_Art,,,35.671,139.712
Towada Art Center,Towada,Japan,Verified,Small or mid,Municipal museum operated by Towada City; construction funded by national power-source-siting grants.,"Build money derived from nuclear-facility subsidies, named.",,,https://towadaartcenter.com/,,,40.613,141.207
Yamaguchi Center for Arts and Media (YCAM),Yamaguchi,Japan,Roster unverified,Small or mid,Run by Yamaguchi City's culture foundation.,Municipal media-art centre; roster not checked.,yes,,https://www.e-flux.com/announcements/?i=Yamaguchi Center for Arts and Media (YCAM),,,34.176,131.468
Yokohama Museum of Art,Yokohama,Japan,Verified,Small or mid,"Income ¥1.1B (FY2024), 340k visitors; Yokohama City management fee via the Yokohama Arts Foundation.",FY2024 report lists no corporate exhibition sponsors.,,,https://yokohama.art.museum/wp-content/uploads/2026/03/annual_R6.pdf,,,35.457,139.632
Darat al Funun,Amman,Jordan,One name to know,Small or mid,"Since 1988 wholly funded by the Khalid Shoman Foundation, endowed from the Shoman family's Arab Bank fortune.","Arab Bank faced a 2014 US terror-financing verdict, settled 2015 and vacated 2018.",,,https://www.unesco.org/creativity/en/policy-monitoring-platform/khalid-shoman-foundation-darat-al-funun,,,31.955,35.925
Makan Art Space,Amman,Jordan,Roster unverified,Small or mid,"Founded 2003; rentals and screenings, then grants from AFAC and SIDA.",Artist-run; unclear whether it still operates.,yes,,https://www.e-flux.com/directory/166913/makan-art-space/,,,31.952,35.919
Nairobi Contemporary Art Institute,Nairobi,Kenya,Roster unverified,Small or mid,Non-profit founded 2020 by artist Michael Armitage; supporters unnamed.,,,,https://www.ncai254.com/,,,-1.223,36.806
Kim? Contemporary Art Centre,Riga,Latvia,Verified,Small or mid,"Latvian Ministry of Culture, State Culture Capital Foundation, Riga City, Altum; project sponsors Absolut and Valmiermuiža.","Alcohol project sponsors, not excluded.",,,https://kim.lv/en/kim-laikmetigas-makslas-centra-ipasuma-nodota-eka-hanzas-iela-22/,https://kim.lv/en/,,56.962,24.12
Ashkal Alwan,Beirut,Lebanon,One name to know,Small or mid,"Small NGO; Robert A. Matta Association, Foundation for Arts Initiatives, Warhol Foundation, Norwegian MFA, Teiger Foundation.",Sharjah Art Foundation partnered Home Works 8 (2019); not a core funder today.,,,https://ashkalalwan.org/supporters.php,,,33.879,35.51
MO Museum,Vilnius,Lithuania,Roster unverified,Small or mid,Private museum founded by Danguolė and Viktoras Butkus (biotech).,Sponsor list not read.,,,https://www.momuziejus.lt,,,54.679,25.281
Zolak,Vilnius,Lithuania,Roster unverified,Small or mid,"Founders' private contributions, residency subscriptions, event rentals, a crypto bar and donations; states it does not take grants","150 m2 'micro art residence' and community venue at Vytenio g. 50D (former ELFA factory), opened 14 Jun 2025 by Piotr Markielau, Alina Nahornaja and Siarhei Hudzilin: residencies, screenings, discussions, coworking, raves, sauna.",,new,https://reform.news/u-vilni-adkryvaecca-novaja-belaruskaja-prastora-zolak,https://zolak.lt/,,54.671,25.269
Casino Luxembourg,Luxembourg,Luxembourg,Verified,Small or mid,Funded by the Ministère de la Culture with Les Amis des Musées.,,,,https://casino-luxembourg.lu/en/about,,,49.61,6.128
Mudam,Luxembourg,Luxembourg,Roster unverified,Small or mid,"State-funded national museum; patrons include Clearstream (Deutsche Börse, 2024) and Degroof Petercam (since 2021).","Two patrons verified, full roster not reached.",,,https://www.clearstream.com/clearstream-en/newsroom/240313-3882638,,,49.619,6.141
ILHAM Gallery,Kuala Lumpur,Malaysia,Verified,Small or mid,"Architect family foundation, free.",,,,https://www.ilhamgallery.com/,,,3.153,101.717
Rencontres de Bamako,Bamako,Mali,Verified,Small or mid,"Biennale since 1994, co-produced by Mali's Ministry of Culture and Institut français.",,,,https://biennialfoundation.org/biennials/bamako-encounters/,,,12.639,-8.003
Museo Experimental El Eco,Mexico City,Mexico,Verified,Small or mid,UNAM university museum; no sponsors listed.,,,,https://eleco.unam.mx/,,,19.434,-99.159
Museo Jumex,Mexico City,Mexico,Verified,Large,"Grupo Jumex juice fortune, no public money.",,,,https://www.fundacionjumex.org/en/visita,https://sic.cultura.gob.mx/ficha.php?table=museo&table_id=1484,,19.44,-99.203
Museo Universitario del Chopo,Mexico City,Mexico,Verified,Small or mid,UNAM university museum; no sponsors known.,,,,https://www.chopo.unam.mx/,,,19.447,-99.155
Museo de la Ciudad de México,Mexico City,Mexico,Verified,Small or mid,Public museum run by the Mexico City Ministry of Culture.,,yes,,https://www.cultura.cdmx.gob.mx/recintos/mcm,,,19.43,-99.132
Colección FEMSA,Monterrey,Mexico,One name to know,Small or mid,"Corporate art collection of FEMSA (beverages and OXXO retail), paid for entirely by the company.",Coca-Cola FEMSA is contested over water extraction in drought-hit Monterrey.,yes,,https://coleccionfemsa.com/,https://ejatlas.org/conflict/acaparamiento-de-agua-por-parte-de-femsa-coca-cola-en-topo-chico-mexico,,25.686,-100.316
Museo de los Pintores Oaxaqueños,Oaxaca,Mexico,Verified,Small or mid,State museum under Oaxaca's Secretaría de las Culturas y Artes.,,yes,,https://www.oaxaca.gob.mx/comunicacion/cumple-mupo-19-anos-como-referente-del-arte-contemporaneo-en-oaxaca/,,,17.062,-96.726
Museo Amparo,Puebla,Mexico,Verified,Small or mid,Fundación Amparo (Espinosa Yglesias banking fortune) since 1991; expansion with federal and state money.,,,,https://museoamparo.com/acerca-de,,,19.042,-98.199
Fundación Casa Wabi,Puerto Escondido,Mexico,Roster unverified,Small or mid,Founded 2014 by artist Bosco Sodi; mobile library with the Harp Helú foundation (banking); other donors unnamed.,,,,https://casawabi.org/en/,,,15.822,-97.185
Centro Cultural Tijuana,Tijuana,Mexico,Verified,Small or mid,MXN 132.9M spent Jan-Sep 2025; federal entity under Mexico's Secretaría de Cultura.,Publishes quarterly budget reports.,yes,,https://cecut.gob.mx/oit/pdf/2025/Informacion%20Programatica%203er%20Trimestre%202025.pdf,,,32.531,-117.021
Museo de Arte de Zapopan,Zapopan,Mexico,Verified,Small or mid,Municipal museum of Zapopan; no sponsors on site.,,,,https://mazmuseo.com/,,,20.722,-103.389
Zanabazar Museum of Fine Art,Ulaanbaatar,Mongolia,Roster unverified,Small or mid,Mongolian state museum.,Roster not checked.,yes,,https://www.e-flux.com/directory/166395/zanabazar-museum-of-fine-art/,,,47.919,106.917
Fondation Ifitry,Essaouira,Morocco,Verified,Small or mid,Seeded by founder Mostapha Romli's Maroc Premium foundation; now self-financing.,,,,https://www.ifitry.ma/,,,31.62,-9.67
LE 18,Marrakech,Morocco,Roster unverified,Small or mid,Artist-run space founded 2013; documenta fifteen lumbung member; funders not published.,,,,https://le18marrakech.com/,,,31.631,-7.989
MACAAL,Marrakech,Morocco,Verified,Small or mid,Lazraq property foundation.,,,,https://www.euronews.com/culture/2025/02/14/macaals-othman-lazraq-on-creating-a-permanent-home-for-african-contemporary-art-in-marrake,,,31.687,-7.965
Fundação Fernando Leite Couto,Maputo,Mozambique,Verified,Small or mid,Moza Banco partner since 2019; Portugal-Mozambique Chamber of Commerce and Óbidos municipality back its prize.,Literature and arts foundation opened 2015.,,,https://fflc.org.mz/fundacao/,,,-25.966,32.58
National Art Gallery of Namibia,Windhoek,Namibia,Verified,Small or mid,"State-owned under the National Art Gallery of Namibia Act 2000, with National Arts Council grants.",,,,https://nagn.org.na/,,,-22.567,17.085
Kathmandu Triennale,Kathmandu,Nepal,Roster unverified,Small or mid,Siddhartha Arts Foundation with Nepal's Ministry of Culture; 70+ partners including Para Site and the Australian Embassy.,Full corporate sponsor list not verified.,yes,,https://www.e-flux.com/announcements/434340/kathmandu-triennale-2077,,,27.717,85.324
De Appel,Amsterdam,Netherlands,Verified,Small or mid,"Mondriaan Fonds, AFK, Stimuleringsfonds, VriendenLoterij Fonds, Ammodo, Hartwig Foundation.",,,,https://www.deappel.nl/files/Jaarverslag_2022.pdf,,,52.352,4.831
Framer Framed,Amsterdam,Netherlands,Verified,Small or mid,"Ministry of OCW, Amsterdams Fonds voor de Kunst, Stadsdeel Oost, VriendenLoterij Fonds; Rabo ArtLab project.",Decolonial art platform; lottery money named.,yes,,https://framerframed.nl/over-ons/,,,52.357,4.932
Stedelijk Museum,Amsterdam,Netherlands,One name to know,Large,"€37.5M, city 62%; Teijin, Turing and Ammodo foundations.",ABN AMRO; sits on a Museumplein that went fossil-free after a campaign aimed at its neighbours.,,,https://www.abnamro.com/en/news/abn-amro-and-stedelijk-museum-amsterdam-extend-partnership-by-two-years,https://s3-eu-west-1.amazonaws.com/production-static-stedelijk/images/_museum/Jaarverslagen/2024/Summary%202024_DEF.pdf,,52.358,4.88
Museum Arnhem,Arnhem,Netherlands,Verified,Small or mid,"Municipal museum; Gemeente Arnhem, Fonds21, Mondriaan Fonds, VriendenLoterij and the Friends association.",,,,https://www.museumarnhem.nl/en/support-us/funds-and-partners,,,51.982,5.905
Van Abbemuseum,Eindhoven,Netherlands,Verified,Small or mid,"City, lottery, Mondriaan and Ammodo funds.",,,,https://vanabbemuseum.nl/en/about-the-museum/support-and-partners,https://jaarverslag.vanabbe.nl/jaarverslag-in-cijfers/,,51.434,5.481
Fries Museum,Leeuwarden,Netherlands,Verified,Small or mid,"Income €7.1M, 132k visitors (2024); Provincie Fryslân, OCW, VriendenLoterij, main sponsor Windpark Fryslân, ABN AMRO MeesPierson, Rabobank, FrieslandCampina.",ING sponsored one 2018 show and is not on the current roster.,,,https://www.friesmuseum.nl/over-het-museum/steun-het-museum/onze-partners,,,53.201,5.795
Museum De Lakenhal,Leiden,Netherlands,Verified,Small or mid,"Municipal museum; Gemeente Leiden, Mondriaan Fonds, VriendenLoterij, VSBfonds, Fonds 1818, DOEN; Brill, local builders, Christie's.",,,,https://www.lakenhal.nl/en/story/funds-and-sponsors,,,52.163,4.487
Bonnefanten,Maastricht,Netherlands,Verified,Small or mid,"177k visitors. Province, Mondriaan Fund, lottery.",,,,https://www.bonnefanten.nl/nl/organisatie/nieuws-en-pers/persbericht-visitatierapport,,,50.843,5.7
Vleeshal,Middelburg,Netherlands,Verified,Small or mid,"Dutch Ministry of OCW, Municipality of Middelburg, Provincie Zeeland.",Public money only.,yes,,https://vleeshal.nl/,,,51.499,3.611
Kröller-Müller Museum,Otterlo,Netherlands,Verified,Small or mid,280k visitors. State museum.,,,,https://krollermuller.nl/kroller-muller-museum-ontvangt-280-000-bezoekers-in-2024,,,52.096,5.817
Kunstinstituut Melly,Rotterdam,Netherlands,Verified,Small or mid,"Income €2.7M (2025), €1.9M subsidy from Rotterdam and the state; Ammodo, Elise Mathilde, ELJA, VSBfonds, Zabawas.","2017 to 2021 protests were about the Witte de With name, not funders.",,,https://www.kunstinstituutmelly.nl/files/2025_Jaarverslag.pdf,,,51.916,4.478
Nederlands Fotomuseum,Rotterdam,Netherlands,Verified,Small or mid,"Income €8.6M (2025); OCW, Gemeente Rotterdam, Wertheimer Stichting, Droom en Daad, VriendenLoterij, Dioraphte, Rabobank Rotterdam Fonds.","2024 to 2026 row was over the director's dismissal, not funding.",,,https://nederlandsfotomuseum.nl/wp-content/uploads/2026/06/Nederlands-Fotomuseum-Jaarverslag-2025-3.pdf,,,51.904,4.487
Kunstmuseum Den Haag,The Hague,Netherlands,Verified,Small or mid,"362k visitors. City, lottery, a regional bank for education.",,,,https://www.kunstmuseum.nl/nl/museum/subsidienten,,,52.089,4.281
Museum Beelden aan Zee,The Hague,Netherlands,Verified,Small or mid,"Fully private, no structural subsidy; VriendenLoterij, Aegon, Cultuurfonds, Turing, VSBfonds, BNG, galleries, Kurhaus.",Roster from the 2018 and 2019 reports.,,,https://www.vriendenloterij.nl/goede-doelen/culturele-partners/museum-beelden-aan-zee,,,52.109,4.279
De Pont,Tilburg,Netherlands,Verified,Small or mid,"75k visitors. Founder's estate, tickets.",,,,https://www.omroeptilburg.nl/regio/tilburg/tilburgse-musea-halen-bezoekersrecords-maar-financieel-gaat-het-minder-goed/,,,51.563,5.084
"BAK, basis voor actuele kunst",Utrecht,Netherlands,Verified,Small or mid,"Gemeente Utrecht, OCW, ELJA Foundation, Fonds 21, Cultuurfonds, K.F. Hein Fonds, DOEN, VSBfonds.",Public and foundation money only.,,,https://www.bakonline.org/over-ons/financial-partners/,,,52.091,5.117
Casco Art Institute,Utrecht,Netherlands,Verified,Small or mid,"Structural support from Mondriaan Fund, City of Utrecht and Stichting DOEN via Arts Collaboratory.",,,,https://casco.art/about/,,,52.088,5.123
Centraal Museum,Utrecht,Netherlands,Verified,Small or mid,"Municipal museum; Gemeente Utrecht, VriendenLoterij and OCW; no corporate sponsor listed.",,,,https://www.centraalmuseum.nl/en/support-us/centraal-sponsor,,,52.084,5.125
Artspace Aotearoa,Auckland,New Zealand,Verified,Small or mid,"NZ$637k a year (2027-29) from Creative New Zealand, plus Foundation North, Auckland Council, Chartwell Trust.",Public and charitable trust money.,yes,,https://creativenz.govt.nz/funding-and-support/results/funding-rounds/arts-organisations-and-groups-fund-2026,,,-36.858,174.762
Auckland Art Gallery,Auckland,New Zealand,One name to know,Small or mid,"498k visitors (2024-25); Auckland Council, AAG Foundation, Chartwell Trust, Ngati Whatua Orakei, BMW, HSBC, Van Cleef & Arpels.",HSBC sponsored the 2024-25 Eliasson show; a fossil-finance target elsewhere.,,,https://cdn.aucklandunlimited.com/artgallery/assets/media/aag-annualreview-2024-25.pdf,https://www.aucklandartgallery.com/give-and-join/partnerships,,-36.851,174.766
Te Uru Waitakere Contemporary Gallery,Auckland,New Zealand,Verified,Small or mid,"Charity core-funded by the Waitakere Ranges Local Board; memberships, benefactors collective, product partners.",2014 capital came partly from SkyCity and lottery funds; neither is current.,,,https://teuru.org.nz/pages/support,,,-36.937,174.655
Christchurch Art Gallery,Christchurch,New Zealand,Verified,Small or mid,"City council; a wealth manager, a law firm.",,,,https://christchurchartgallery.org.nz/support/,,,-43.531,172.632
Dunedin Public Art Gallery,Dunedin,New Zealand,Verified,Small or mid,"Dunedin City Council gallery; Creative New Zealand, Craigs Investment Partners, Quartz Reef; DPAG Society buys works.",1996 founding partners included Mobil Oil; none current.,,,https://dunedin.art.museum/supporters,,,-45.874,170.504
The Dowse Art Museum,Lower Hutt,New Zealand,Roster unverified,Small or mid,Mostly funded by Hutt City Council; Dowse Foundation endowment.,Partner page blocked.,,,https://dowse.org.nz/about-us/support-us,,,-41.211,174.905
Te Papa,Wellington,New Zealand,One name to know,Large,"NZ$94M, Crown 51%; Westpac, Samsung, Panasonic.","Bloomberg, Samsung on roster.",,,https://www.tepapa.govt.nz/support-join/corporate-partnerships/current-partners,https://www.tepapa.govt.nz/assets/76067/1764552046-te-papa-annual-report-2024-25.pdf,,-41.29,174.782
Sarjeant Gallery,Whanganui,New Zealand,Verified,Small or mid,"Reopened Nov 2024 after a NZ$79M rebuild funded by council, ministry, lottery grants and private trusts; council-run.","Lottery money was capital, not operating.",,,https://sarjeant.org.nz/information/,,,-39.93,175.05
"Centre for Contemporary Art, Lagos",Lagos,Nigeria,Verified,Small or mid,"Founded 2007 by Bisi Silva; international foundations only, never Nigerian state or corporate money.",,,,https://ccalagos.org/about/,,,6.5,3.378
"National Museum, Lagos",Lagos,Nigeria,Verified,Small or mid,Paid for by the Federal Government via NCMM; a Ford Foundation co-funded refit stalled.,Chronically underfunded federal museum.,yes,,https://guardian.ng/features/for-onikan-museum-rescue-remains-elusive/,,,6.444,3.403
Bergen Kunsthall,Bergen,Norway,Verified,Small or mid,"Ministry of Culture, Bergen municipality, Vestland county and Sparebanken Vest (savings bank).",No fossil or contested funder named.,yes,,https://www.kunsthall.no/en/about-us/,https://www.e-flux.com/directory/34/bergen-kunsthall,,60.39,5.326
Henie Onstad Kunstsenter,Bærum,Norway,Roster unverified,Small or mid,"Main partner Stiftelsen DNV, NOK 2M a year; founded on Niels Onstad's shipping fortune; Norwegian state.",DNV certifies oil and gas assets; full roster not seen.,,,https://kommunikasjon.ntb.no/pressemelding/18034187/henie-onstad-og-stiftelsen-det-norske-veritas-inngar-stor-samarbeidsavtale?publisherId=17847201&lang=no,,,59.89,10.565
Kistefos,Jevnaker,Norway,Verified,Large,"Sveaas family foundation, local banks.",,,,https://www.kistefosmuseum.com/om-oss/christen-sveaas-kunststiftelse,,,60.207,10.399
Astrup Fearnley Museet,Oslo,Norway,Verified,Large,"Shipping foundations, a savings-bank foundation.",,,,https://www.afmuseet.no/vare-sponsorer,,,59.907,10.721
Kunstnernes Hus,Oslo,Norway,Roster unverified,Small or mid,Artist-owned foundation; about page names no funders.,Annual report not read.,,,https://www.kunstnerneshus.no/om,,,59.92,10.735
Kunsthall Stavanger,Stavanger,Norway,Roster unverified,Small or mid,Homepage names no funders.,"In Norway's oil capital; no Equinor or Aker BP link found, roster unseen.",,,https://www.kunsthallstavanger.no/en,,,58.965,5.722
Karachi Biennale Trust,Karachi,Pakistan,Roster unverified,Small or mid,"Philanthropists and corporate sponsors, not itemised.",2024 partner page could not be read.,,,https://karachibiennale.org.pk/,,,24.861,67.01
Lahore Biennale Foundation,Lahore,Pakistan,Verified,Small or mid,"Punjab and federal governments; lead sponsor Habib Bank, Bank of Punjab, Bareeze (retail), Nishat (textiles), Barjeel, British Council.",Banking and retail money named.,,,https://www.lahorebiennale.org/sponsors/,,,31.558,74.329
The Palestinian Museum,Birzeit,Palestine,Verified,Small or mid,"Built for about US$24M (2016); Taawon-Welfare Association, 30+ Palestinian families, Bank of Palestine and the Arab Fund.",Takes no Palestinian Authority money; land donated by Birzeit University.,yes,,https://en.wikipedia.org/wiki/The_Palestinian_Museum,https://www.e-flux.com/announcements/?i=The Palestinian Museum,,31.962,35.18
Gaza Biennale,Gaza,Palestine,Roster unverified,Small or mid,Funders not verified.,Listed in the e-flux directory; no funder information found.,yes,,https://www.e-flux.com/directory/6782360/gaza-biennale/,,,31.501,34.467
A.M. Qattan Foundation,Ramallah,Palestine,Roster unverified,Small or mid,"Private family endowment from the Qattan family, with project grants.",No adverse finding; current funder roster not checked.,yes,,https://www.e-flux.com/announcements/?i=A.M. Qattan Foundation,,,31.906,35.199
Riwaq Biennale,Ramallah,Palestine,Roster unverified,Small or mid,"Run by the Riwaq heritage NGO with Birzeit University, UNDP and UNESCO as partners.",Funders not itemised.,yes,,https://www.e-flux.com/directory/72184/riwaq-biennale-palestine/,https://www.riwaq.org/riwaq-biennale-previous-editions,,31.903,35.204
Museo de Arte Contemporáneo de Panamá,Panama City,Panama,Verified,Small or mid,"Private non-profit backed by BI Bank, Global Bank, Mercantil Banco, the IDB and Copa Airlines.",Planning a new building.,,,https://macpanama.org/eventos-de-recaudacion-de-fondos/,,,8.953,-79.545
Museo del Barro,Asunción,Paraguay,Roster unverified,Small or mid,"Private foundation museum (Ticio Escobar, Osvaldo Salerno).",Sponsors page under construction.,,,https://www.museodelbarro.org/,,,-25.3,-57.57
MAC Lima,Lima,Peru,Roster unverified,Small or mid,Private museum in Barranco; site names no sponsor or patron.,,,,https://maclima.pe/,,,-12.148,-77.022
Museo de Arte de Lima,Lima,Peru,Roster unverified,Small or mid,"2023: half from courses, a quarter from Patronato members, a quarter from events and tickets; about 150k visits; allies Fundación Telefónica, ICPNA.",No corporate sponsor page; Patronato member list unpublished.,,,https://mali.pe/es/donaciones/,https://gestion.pe/economia/empresas/mali-el-cambio-de-estrategia-del-museo-para-atraer-nuevas-fuentes-de-ingresos-arte-muestras-exposiciones-noticia/,,-12.05,-77.037
Museum of Contemporary Art and Design (MCAD),Manila,Philippines,Roster unverified,Small or mid,De La Salle-College of Saint Benilde plus private patrons; first benefit auction 2025.,Donor list not published.,yes,,https://www.e-flux.com/directory/193666/museum-of-contemporary-art-and-design-mcad-manila,https://www.mcadmanila.org.ph/funding-the-future/,,14.564,120.994
Ateneo Art Gallery,Quezon City,Philippines,Verified,Small or mid,"University museum since 1960 on Fernando Zobel's gift (Ayala family, property and banking); alumni and artist donors.",,,,https://www.ateneo.edu/news/2025/02/19/photography-sculpture-media-based-works-more-ateneo-art-gallerys-new-recent,,,14.64,121.077
Metropolitan Museum of Manila,Taguig,Philippines,One name to know,Small or mid,Subsidised by the central bank for 45 years; now under its own foundation; founding benefactors NutriAsia and Del Monte Philippines.,NutriAsia's 2018 strike ended in a police dispersal.,,,https://bworldonline.com/arts-and-leisure/2021/07/16/382787/the-metropolitan-museum-of-manila-moving-to-bgc/,,,14.549,121.049
KALEKTAR research platform on Belarusian contemporary art,Białystok,Poland,Verified,Small or mid,"German Federal Foreign Office (Civil Society Cooperation programme) and Rönne-Stiftung, per the platform's own about page","Online archive, index and journal founded 2015; co-founder and editor-in-chief Sergey Shabohin lives and works in Białystok, which is used as the map point since the platform publishes no address.",,pending,https://kalektar.org/about/,https://www.contexts.com.pl/en/artists/sergey-shabohin,,53.128,23.147
MOCAK,Kraków,Poland,Roster unverified,Small or mid,"Municipal museum of the City of Kraków, with a car-dealer partnership.",Partners page not parsed.,,,https://www.mocak.pl/partnerzy,,,50.047,19.962
Belarusian Council for Culture (Rada Kultury),Warsaw,Poland,Verified,Small or mid,"European Union (ArtPower Belarus, €2M over 28 months, delivered with the Danish Cultural Institute); Danish Cultural Institute; listed partners ABBA, RESET!, Forum of National Platforms, NDF","Founded 1 Oct 2020 as the Belarusian Culture Solidarity Fund, renamed Feb 2021; registered in Tallinn as MTÜ Valgevene Kultuuri Assotsiatsioon and represented in Warsaw and Vilnius; CEO Siarhiej Budkin. Reports 1,600+ cultural workers supported and 230+ projects by Oct 2025. Belarus's interior ministry designated it 'extremist' on 7 Jun 2022 and again on 24 Apr 2026.",,pending,https://byculture.org/en/meet-us/,https://byculture.org/en/,https://byculture.org/en/contacts/,52.233,21.019
Kupalaŭcy (Free Kupala Theatre in exile),Warsaw,Poland,Roster unverified,Small or mid,"Ticket sales; Polish Ministry of Culture (Culture Promotion Fund honorary award, 17 Mar 2025); EU ArtPower Belarus project grants; diaspora crowdfunding and guest co-productions with Polish theatres; funds for two projects via Pavel Latushka's foundation; Polish Theatre Institute residencies ended in 2024",Troupe formed 6 Oct 2020 after the Janka Kupala National Theatre's company resigned en masse in Aug 2020; moved via Ukraine to Poland (Warsaw and Lublin). Actors earn about PLN 500 a show and the troupe describes its financing as near zero. Belarus declared its YouTube channel 'extremist material' in Feb 2024 and the troupe an 'extremist formation' on 13 Dec 2024; actors face warrants limiting travel.,,new,https://reform.news/ad-kupala-skaga-da-kupala-ca-shljah-volnaj-trupy-da-zhynjoj-u-shjesc-sezona,https://reform.news/vyniki-goda-toe-shto-nash-tjeatr-pracjagvae-gavaryc-svaim-golasam-i-na-svajoj-move-kljuchavy-vynik-2024-ga,https://reform.news/volnyja-kupala-cy-poluchili-premiju-ministerstva-kultury-polshi,52.233,21.019
Museum of Free Belarus,Warsaw,Poland,Roster unverified,Small or mid,"Project of the National Anti-Crisis Management (Pavel Latushka); 367 m2 premises at Foksal 11 provided by the City of Warsaw; Polish Ministry of Culture and National Heritage, Culture Support Fund (Digital Culture 2025 co-financing); individual donors via PayPal and crypto; Fundacja Białoruś Przyszłości","Opened 17 Jul 2022 with Polish government backing; about 700 artefacts of the 2020 protest movement plus digital testimonies; cooperation agreements with Poland's National Institute of Museology, the Karta Foundation and the Hoover Institution; nominated for EMYA 2027 and longlisted for the Council of Europe Museum Prize; in July 2026 it says it is still seeking a permanent home.",,new,https://www.svaboda.org/a/31947442.html,https://www.belarus-nau.org/en/post/museum-of-free-belarus,https://reform.news/muzej-volnaj-belarusi-pracjagvae-ladzic-varkshopy-pa-stvarjennju-lichbavyh-kalekcyj,52.234,21.022
Ujazdowski Castle CCA,Warsaw,Poland,Roster unverified,Small or mid,State institution under the Ministry of Culture.,"2020-24 directorship was politically contested, not a funding issue.",,,https://u-jazdowski.pl,,,52.221,21.031
BWA Wrocław,Wrocław,Poland,Roster unverified,Small or mid,Municipal gallery network of the City of Wrocław.,Roster not verified.,yes,,https://www.e-flux.com/directory/61663/bwa-wroc-aw-galleries-of-contemporary-art,,,51.108,17.035
Muzeum Sztuki,Łódź,Poland,Roster unverified,Small or mid,Public museum funded by the city and the Ministry of Culture.,"No ORLEN, PGE or Azoty link found; roster not seen.",,,https://msl.org.pl,,,51.781,19.448
Culturgest,Lisbon,Portugal,Roster unverified,Small or mid,Foundation of Caixa Geral de Depósitos (state bank).,Sponsor list not read.,,,https://www.culturgest.pt,,,38.737,-9.147
Museo de Arte de Ponce,Ponce,Puerto Rico,Roster unverified,Small or mid,"Fundación Luis A. Ferré; individual and business donors, unnamed; closed since the 2020 earthquake, rebuilding from 2026.",,,,https://museoarteponce.org/,,,18.001,-66.617
Museo de Arte Contemporáneo de Puerto Rico,San Juan,Puerto Rico,Roster unverified,Small or mid,Private non-profit.,Site returned no content.,,,https://www.mac-pr.org/,,,18.449,-66.07
Smena Centre for Contemporary Culture,Kazan,Russia,Roster unverified,Small or mid,"Independent non-profit (founders Kirill Mayevsky, Robert Khasanov) with no permanent state or private funding; launch patron Rinat Mardanov; building owner Yakov Margulis paid for the reconstruction (property money).","Bookshop, gallery and festival; integrated the Bulat Galeev 'Prometheus' foundation in 2023; co-produces a 2026 show with Zarya in Vladivostok.",,split-to-U,https://asi.org.ru/2017/12/22/robert-hasanov-kak-sozdat-tsentr-sovremennoj-kultury/,https://www.theartnewspaper.ru/posts/20231115-wugx/,https://zaryavladivostok.ru/en/news,55.788,49.104
Ploshchad Mira Museum Centre,Krasnoyarsk,Russia,Roster unverified,Small or mid,"Regional state (Ministry of Culture of Krasnoyarsk Krai); subsidy of 40–50m RUB a year was 70–80% of budget in 2019, rest from earnings, grants and unnamed local business.",Runs the Krasnoyarsk Museum Biennale since 1995; director Olga Temnikova since 2023; named Cosmoscow 'Museum of the Year' 2025.,,new,https://ru.wikipedia.org/wiki/Музейный_центр_«Площадь_Мира»,,,56.013,92.893
AZ Museum (Anatoly Zverev Museum),Moscow,Russia,Roster unverified,Small or mid,Private: Natalia Opaleva's own money (vice-president of Lanta-Bank; shareholder of gold miner GV Gold/Vysochaishy); no state support.,"Opened 2015; half the collection donated by Aliki Costakis. OpenSanctions shows Opaleva only as a Russian company-register record, not sanctioned.",,refuted,https://www.vedomosti.ru/lifestyle/articles/2015/05/27/594012-muzei-az-anatoliya-zvereva-otkrili-v-moskve,https://www.opensanctions.org/entities/ru-inn-772805973521/,https://www.forbes.ru/forbes-woman/lichnoe-vremya/305381-vklad-kollektsionnyi-zachem-vitse-prezident-banka-otkryla-chastny (search summary only),55.772,37.594
Fabrika Centre for Creative Industries,Moscow,Russia,Roster unverified,Small or mid,"Self-funded: income of the Oktyabr technical-paper mill and rent of studios, under owner-director Asya Filippova; no major outside investors.",Artist-in-residence programme for foreign artists suspended; Filippova says Fabrika has always lived on self-sufficiency with the owner's support.,,refuted,https://www.theartnewspaper.ru/posts/3332/,http://fabrikacci.com/about.html,,55.78,37.69
Moscow International Biennale of Contemporary Art,Moscow,Russia,One name to know,Small or mid,Private biennale foundation (Yulia Muzykantskaya); sponsor roster not published; 2022 edition hosted by the state Tretyakov Gallery.,"The 9th edition, due to open at the New Tretyakov on 7 Nov 2022, was cancelled on 3 Nov 2022 by the Ministry of Culture citing 'absolute mismatch' of exhibits with a federal museum and 'controversial content'. No edition since.",,new,https://amp.meduza.io/news/2022/11/04/minkultury-otmenilo-moskovskuyu-biennale-soslavshis-na-nesootvetstvie-urovnya-eksponatov-statusu-vystavki,https://www.forbes.ru/forbeslife/480803-minkul-t-zaavil-o-nevozmoznosti-provedenia-moskovskoj-biennale-v-tret-akovke-v-2022-m (search summary only),,55.735,37.606
Moscow Museum of Modern Art (MMOMA),Moscow,Russia,Roster unverified,Small or mid,"Moscow city (GBUK under the Department of Culture of Moscow); founded 1999 by Zurab Tsereteli (died Apr 2025), run by his grandson Vasili Tsereteli. Individual and corporate patron programme exists.",The 'Partners and sponsors' page describes support options but names no current sponsor; no controversy found in Russian or English searches.,,new,https://mmoma.ru/support/aboutsupport,https://www.theartnewspaper.com/2025/04/24/zurab-tsereteli-georgian-born-artist-and-russian-patriot-has-died-aged-91 (search summary only),,55.767,37.613
Museum of Russian Impressionism,Moscow,Russia,Roster unverified,Small or mid,"Private: founded by Boris Mints (O1 Group) in 2016; since Feb 2024 the patron-trustee is Vladimir Voronin, shareholder of property developer FSK Group (property money, allowed).","Mints left Russia and could no longer support the museum; Voronin began funding exhibitions in 2023 and took over as permanent trustee on 15 Feb 2024. OpenSanctions lists Mints only in an oligarch/Wikidata database, not on any sanctions list.",,refuted,https://www.theartnewspaper.ru/posts/20240215-mlmn/,https://www.opensanctions.org/entities/Q4295305/,https://www.forbes.ru/milliardery/346377-my-ocenivaem-kollekciyu-v-25-27-mln-milliarder-boris-minc-o-muzee-russkogo (search summary only),55.78,37.57
"Arsenal, Volga-Vyatka branch of the Pushkin Museum",Nizhny Novgorod,Russia,One name to know,Small or mid,Federal via the Pushkin State Museum of Fine Arts (branch since 2020); three-year cooperation agreement with Nizhny Novgorod region signed 15 Nov 2024.,Founder-director Anna Gor became a Pushkin deputy director; Alexander Komarov now heads the branch. No local sponsor list.,,new,https://arsenal-museum.art/o-nas/,https://pushkinmuseum.art/museum/support_us/board/index.php?lang=ru,,56.328,44.007
Tikhaya Studio,Nizhny Novgorod,Russia,One name to know,Small or mid,"Artist-run autonomous non-profit founded 2015 by Artem Filatov; grants, ticket/catalogue sales and donated artworks; a Garage Museum grant funds its archive.",Nine resident artists; collaborates with Garage on archiving the Nizhny Novgorod scene.,,new,https://obdn.ru/articles/kak-eto-rabotaet-studiya-tihaya,,,56.327,44.009
PERMM Museum of Contemporary Art,Perm,Russia,One name to know,Small or mid,Regional state (GKBUK; founder Ministry of Culture of Perm Krai); founded 2009 under governor Chirkunov with Marat Gelman and sponsor Sergei Gordeev; new building on Krisanova St since 2024.,"FSB searched the museum and director Nailya Allakhverdieva's home on 21 Nov 2024 in the 'terrorism justification' case against founder Gelman (declared foreign agent 2021, listed as terrorist/extremist 2024); museum closed one day. Prosecutor filed a conflict-of-interest suit against the director in Oct 2024; an earlier search in Mar 2024. Allakhverdieva left; Elena Novikova appointed.",,new,https://perm.rbc.ru/perm/freenews/674031a19a79471ba5e8975a,https://novayagazeta.ru/articles/2024/11/23/permskaia-kulturnaia-revoliutsiia-final,https://www.theartnewspaper.ru/posts/20241122-xfbe/,58.012,56.21
Perm State Art Gallery,Perm,Russia,Roster unverified,Small or mid,"Regional state (GKBUK; founder Ministry of Culture of Perm Krai); new 21,000 sq m building in the Zavod Shpagina cluster financed by the region, move completed Feb 2026.",Director Yulia Tavrizyan; sponsor list not published on the site.,,new,https://permartmuseum.ru/page/information,https://permartmuseum.ru/new/1213,,58.021,56.257
Erarta Museum of Contemporary Art,St Petersburg,Russia,One name to know,Small or mid,"Private: founded 2010 by Marina Varvarina (widow of Orimi tea-and-coffee group owner Dmitry Varvarin); the museum states it has never taken state support, grants or sponsors.","12,000 sq m, c. 40 exhibitions a year; c. US$30–35m invested in the building. No sanctions match for Varvarina on OpenSanctions.",,refuted,https://www.erarta.com/ru/museum/about/,https://www.theartnewspaper.ru/posts/7605/,https://www.opensanctions.org/search/?q=Varvarina,59.932,30.252
Manege Central Exhibition Hall,St Petersburg,Russia,Roster unverified,Small or mid,"City: St Petersburg state budgetary institution under the Committee for Culture; director Anna Yalova (acting from Sep 2022, confirmed Feb 2023).","Site has no partners page; 2024 shows (Pushkinskaya-10 retrospective, Polytechnic Museum) credited to the Committee for Culture.",,new,https://manege.spb.ru/about/,https://www.dp.ru/a/2023/02/16/Direktorom_centralnogo_v (search summary only),,59.933,30.306
Pushkinskaya-10 Art Centre,St Petersburg,Russia,Roster unverified,Small or mid,"Self-managed non-state artists' commune (since 1989) housing 14 galleries, studios and clubs; funding sources not published.",A 2024 retrospective at the city's Manege was supported by the Committee for Culture; residencies 'White Noise' and St Petersburg Art Residency run on site.,,new,"https://ru.wikipedia.org/wiki/Пушкинская,_10_(арт-центр)",https://manege.spb.ru/events/vystavochnyj-proekt-pushkinskaya-10-kovcheg-hhi-veka/ (search summary only),,59.929,30.359
Zarya Centre for Contemporary Art,Vladivostok,Russia,Roster unverified,Small or mid,"Private: founded 2013 by Alexander Mechetin, founder and co-owner of spirits group Novabev (ex-Beluga Group) — alcohol money, allowed.","Announced in 2020 that main activity would shift to the Golubitskoye estate (Krasnodar), but the Vladivostok residency (2025 open call) and exhibitions (Sept 2026–Apr 2027 show with Smena) continue. OpenSanctions finds no entry for Mechetin.",,split-to-U,https://zaryavladivostok.ru/ru/page/about,https://zaryavladivostok.ru/en/news,https://vl.aif.ru/culture/centr_iskusstva_zarya_pokidaet_vladivostok,43.179,131.919
Kramskoi Voronezh Regional Art Museum,Voronezh,Russia,Roster unverified,Small or mid,Regional state (Voronezh Oblast); director Yulia Zaichenko; partners named are other state museums.,"Largest art museum of the Black Earth region (22,000 items); no corporate sponsor list found. Voronezh's independent VCCA lost its premises in 2019.",,new,https://museum.ru/museum/voronezhskiy-oblastnoy-khudozhestvennyy-muzey-im-i-n-kramskogo,http://www.museum.ru/M1479 (search summary only),,51.674,39.21
Ural Industrial Biennial of Contemporary Art,Yekaterinburg,Russia,One name to know,Small or mid,"State: Ural branch of the National Centre for Contemporary Arts, part of the Pushkin Museum since 2020; 6th edition (2021) budget c. 100m RUB; residencies sought Presidential Fund for Cultural Initiatives grants.",7th edition cancelled in Apr 2023 (announced by the city administration without explanation); team shifted to a research platform and art-industrial routes (2025 routes to Nov 2025). Founder-commissioner Alisa Prudnikova left to run GES-2 (V-A-C).,,new,https://www.kommersant.ru/doc/5924952,https://www.theartnewspaper.ru/posts/20230907-cwkb/,https://search.brave.com/search?q=Уральская индустриальная биеннале 2025 седьмая,56.838,60.597
Yekaterinburg Museum of Fine Arts,Yekaterinburg,Russia,Roster unverified,Small or mid,Municipal autonomous institution; founder Department of Culture of the Yekaterinburg city administration; Hermitage-Ural centre opened 2021.,No partners page on the site (404); no controversy found.,,new,https://i-z-o.art/about/information/,,,56.835,60.603
Dak'Art Biennale,Dakar,Senegal,Verified,Small or mid,"2024: Senegalese state and city plus Ecobank, SUNU insurance, SOCOCIM cement, Fondation Sonatel, Eiffage venue.",,,,https://biennaledakar.org/sponsors-et-partenaires/,,,14.693,-17.447
Musée des Civilisations Noires,Dakar,Senegal,Verified,Small or mid,Senegalese state museum; about 50k visitors 2025; building a Chinese grant of €30M.,"Chinese state financed the building, not operations.",,,https://fr.wikipedia.org/wiki/Mus%C3%A9e_des_civilisations_noires,,,14.674,-17.435
RAW Material Company,Dakar,Senegal,Verified,Small or mid,"Founded 2008 by Koyo Kouoh; Mellon Foundation, Creative Industries Fund NL, Little Sun, Community Arts Network.",,,,http://www.rawmaterialcompany.org/_About_RAW_Material_Company?lang=en,,,14.708,-17.462
NTU Centre for Contemporary Art Singapore,Singapore,Singapore,Roster unverified,Small or mid,University research centre funded by Nanyang Technological University.,Exhibition space reduced in 2021; roster not checked.,yes,,https://www.e-flux.com/announcements/?i=NTU Centre for Contemporary Art Singapore,,,1.274,103.804
National Gallery Singapore,Singapore,Singapore,Roster unverified,Large,State funding plus corporate donors; DBS and UOB name galleries.,Annual report donor list not read.,yes,,https://issuu.com/nationalgallerysingapore/docs/national_gallery_singapore_annual_report_24_25,,,1.29,103.852
STPI Creative Workshop & Gallery,Singapore,Singapore,Roster unverified,Small or mid,State-founded 2002; registered charity supported by the National Arts Council and private patrons.,Patron and corporate partner list not retrievable.,,,https://en.wikipedia.org/wiki/STPI_-_Creative_Workshop_%26_Gallery,,,1.29,103.84
Singapore Art Museum,Singapore,Singapore,Roster unverified,Small or mid,"State, under Singapore's Visual Arts Cluster, plus corporate partners.",2025 sponsor list not found.,yes,,https://www.singaporeartmuseum.sg/Give,,,1.276,103.846
MGLC International Centre of Graphic Arts,Ljubljana,Slovenia,Roster unverified,Small or mid,Funded by the City of Ljubljana; organises the Ljubljana Biennale of Graphic Arts.,Roster not verified.,yes,,https://www.mglc-lj.si,https://www.e-flux.com/directory/70893/the-international-centre-of-graphic-arts-mglc,,46.057,14.497
Moderna galerija,Ljubljana,Slovenia,Roster unverified,Small or mid,National museum funded by the Slovenian Ministry of Culture.,No Petrol sponsorship found.,,,https://www.mg-lj.si/,,,46.053,14.502
Iziko South African National Gallery,Cape Town,South Africa,Verified,Small or mid,"National public entity under the Department of Sport, Arts and Culture; no corporate sponsor named.",,,,https://www.iziko.org.za/,,,-33.929,18.417
Norval Foundation,Cape Town,South Africa,Verified,Small or mid,Property investor; two hotels as exhibition partners.,,,,https://www.theartnewspaper.com/2018/04/26/norval-foundation-near-cape-town-opens-months-after-launch-of-citys-zeitz-museum,,,-34.037,18.418
Zeitz MOCAA,Cape Town,South Africa,Verified,Large,"Founder underwrites; Gucci, Mellon Foundation, BMW.",,,,https://www.press.bmwgroup.com/south-africa/article/detail/T0445019EN/,https://www.theartnewspaper.com/2024/04/22/how-koyo-kouoh-is-getting-zeitz-mocaa-museum-back-on-track,,-33.908,18.421
Johannesburg Art Gallery,Johannesburg,South Africa,Verified,Small or mid,City of Johannesburg budget; R50M repair allocation 2025-26; no corporate sponsor.,"Building crisis: leaks and mould, works moved to storage.",,,https://joburgheritage.org.za/johannesburg-art-gallery-in-crisis-latest-updates/,,,-26.198,28.049
Origins Centre,Johannesburg,South Africa,Verified,Small or mid,"Core funding from Wits University, plus the national arts department and Arcadia for research projects.",University museum of human origins and rock art.,yes,,https://www.wits.ac.za/origins/,,,-26.192,28.029
Wits Art Museum,Johannesburg,South Africa,Verified,Small or mid,"University of the Witwatersrand; Standard Bank collection partner since 1979; donors Herber, Ginsberg.",,,,https://www.wits.ac.za/wam/about-us/,,,-26.192,28.036
Busan Biennale,Busan,South Korea,Roster unverified,Small or mid,"Busan Biennale Organizing Committee, funded by the city.",No sponsor controversy found; roster not verified.,yes,,https://www.e-flux.com/announcements/?i=Busan Biennale,,,35.101,129.04
Busan Museum of Art,Busan,South Korea,Roster unverified,Small or mid,Municipal museum run by Busan Metropolitan City.,Public museum; roster not checked.,yes,,https://www.e-flux.com/announcements/?i=Busan Museum of Art,,,35.166,129.137
Busan Museum of Contemporary Art,Busan,South Korea,Roster unverified,Small or mid,"Municipal museum on Eulsukdo, run by Busan Metropolitan City.",Public museum; roster not checked.,yes,,https://www.e-flux.com/announcements/?i=Busan Museum of Contemporary Art,,,35.11,128.942
Changwon Sculpture Biennale,Changwon,South Korea,Roster unverified,Small or mid,Municipal biennale funded by Changwon City.,Roster not checked.,yes,,https://www.e-flux.com/directory/355977/changwon-sculpture-biennale/,,,35.228,128.681
National Asian Culture Center (ACC),Gwangju,South Korea,Roster unverified,Large,"National, funded by Korea's Ministry of Culture, Sports and Tourism.",State-funded; roster not checked.,yes,,https://www.e-flux.com/announcements/?i=National Asian Culture Center (ACC),,,35.147,126.92
Alternative Space LOOP,Seoul,South Korea,Roster unverified,Small or mid,"Non-profit, artist-run space with public arts-council grants.",Roster not checked.,yes,,https://www.e-flux.com/announcements/?i=Alternative Space LOOP,,,37.553,126.922
Amorepacific Museum of Art,Seoul,South Korea,Roster unverified,Small or mid,"Corporate museum in the Amorepacific headquarters, funded by the cosmetics group's foundation.",Museum pages unavailable.,,,https://apma.amorepacific.com/,,,37.528,126.969
Arario Museum in Space,Seoul,South Korea,Roster unverified,Small or mid,"Private museum of collector Kim Chang-il, funded by his Arario group (terminal, retail, galleries).",Site unreachable.,,,https://www.arariomuseum.org/,,,37.578,126.986
Arko Art Center,Seoul,South Korea,Roster unverified,Small or mid,Run by the state Arts Council Korea.,State-funded; roster not checked.,yes,,https://www.e-flux.com/announcements/?i=Arko Art Center,,,37.581,127.003
Art Sonje Center,Seoul,South Korea,Verified,Small or mid,"Daewoo Foundation, no sponsors.",,,,https://artsonje.org/en/asjasjc-enc/foundation/,,,37.579,126.98
Ilmin Museum of Art,Seoul,South Korea,Verified,Small or mid,Run by the Ilmin Cultural Foundation from the Dong-A Ilbo newspaper family's collection and funds.,,,,https://en.wikipedia.org/wiki/Ilmin_Museum_of_Art,,,37.57,126.978
MMCA,Seoul,South Korea,One name to know,Large,"Ministry of Culture museum; corporate series with Hyundai Motor since 2014 and LG; 2021 Samsung family gift of 1,488 works.",Hyundai Motor faced US supplier child-labour findings 2022 to 2024.,,,https://www.mmca.go.kr/eng/,,,37.579,126.98
Seoul Museum of Art,Seoul,South Korea,Roster unverified,Large,"Seoul Metropolitan Government museum, free admission, several branches.",Exhibition sponsors not read.,,,https://ko.wikipedia.org/wiki/%EC%84%9C%EC%9A%B8%EC%8B%9C%EB%A6%BD%EB%AF%B8%EC%88%A0%EA%B4%80,,,37.564,126.974
Whanki Museum,Seoul,South Korea,Verified,Small or mid,Private Whanki Foundation museum funded from the artist's estate and admissions.,,,,https://en.wikipedia.org/wiki/Whanki_Museum,,,37.593,126.964
Nam June Paik Art Center,Yongin,South Korea,Verified,Small or mid,Gyeonggi Province museum run by the Gyeonggi Cultural Foundation; free admission.,,,,https://ko.wikipedia.org/wiki/%EB%B0%B1%EB%82%A8%EC%A4%80%EC%95%84%ED%8A%B8%EC%84%BC%ED%84%B0,,,37.276,127.108
Fundació Antoni Tàpies,Barcelona,Spain,Roster unverified,Small or mid,Private foundation with Catalan public support.,Roster not verified.,,,https://fundaciotapies.org,,,41.392,2.163
Fundació Joan Miró,Barcelona,Spain,Verified,Small or mid,"Private foundation backed by Fundación BBVA, la Caixa, Banc Sabadell, Stavros Niarchos Foundation and Puig.","Repsol, Naturgy and Endesa not listed.",,,https://www.fmirobcn.org/en/foundation/alliances-and-philanthropy/institutional-corporate/patrons-sponsors-and-corporate-partners/,,,41.369,2.16
Chillida Leku,Hernani,Spain,Roster unverified,Small or mid,Run by the Chillida estate in partnership with Hauser & Wirth.,Corporate sponsor sub-page not read.,,,https://www.museochillidaleku.com,,,43.271,-1.996
Museo Reina Sofía,Madrid,Spain,Verified,Large,"About 85% public; Inditex, la Caixa, Mapfre, Estrella Damm.",,,,https://www.museoreinasofia.es/colabora/patrocinio-mecenazgo/,,,40.408,-3.694
Museo del Prado,Madrid,Spain,One name to know,Large,"€62M, 3.5M visitors; BBVA, Telefónica, AXA, la Caixa.","Iberdrola, a utility with gas assets, never campaigned against.",,,https://www.museodelprado.es/en/colabora/patrocinio,https://www.boe.es/diario_boe/txt.php?id=BOE-A-2025-579,,40.414,-3.692
CA2M Centro de Arte Dos de Mayo,Móstoles,Spain,Roster unverified,Small or mid,Funded by the Comunidad de Madrid.,Sponsors not checked.,,,https://ca2m.org,,,40.322,-3.865
Es Baluard Museu,Palma,Spain,Verified,Small or mid,"Balearic government, Consell de Mallorca, Palma council and Fundació d'Art Serra (media family).",2026 budget approved by the board.,,,https://esbaluard.org/en/organisation/,https://esbaluard.org/ca/el-patronat-de-la-fundacio-es-baluard-aprova-el-pla-dactuacio-i-els-pressuposts-de-2026/,,39.569,2.642
Tabakalera,San Sebastián,Spain,Roster unverified,Small or mid,"Public centre funded by Gipuzkoa council, San Sebastián city and the Basque government.",Former tobacco factory; no current tobacco funding found.,,,https://www.tabakalera.eus,,,43.317,-1.979
Artium Museoa,Vitoria-Gasteiz,Spain,Roster unverified,Small or mid,Basque public museum funded mainly by the Álava provincial council.,Roster not verified.,,,https://www.artium.eus,,,42.849,-2.668
Colomboscope,Colombo,Sri Lanka,Verified,Small or mid,"Run by the non-profit Fold Media Collective; EUNIC Sri Lanka, Gujral Foundation, ASAP grant, individual Friends.",Gujral money is property-linked.,,,https://www.colomboscope.lk/partners,,,6.927,79.861
Museum of Modern and Contemporary Art Sri Lanka,Colombo,Sri Lanka,One name to know,Small or mid,"Opened 2019; John Keells Foundation primary sponsor, Fairfirst Insurance, EU funds via the British Council.","Parent John Keells built City of Dreams Sri Lanka, whose casino partner is Melco.",,,https://www.johnkeellsfoundation.com/arts-and-culture/museum-of-modern-and-contemporary-art-mmca/museum-of-modern-and-contemporary-art-mmca/,https://mmca-srilanka.org/about/,,6.912,79.851
Lunds Konsthall,Lund,Sweden,Roster unverified,Small or mid,Municipal kunsthalle run by Lund municipality.,Roster not verified.,,,https://www.lundskonsthall.se,,,55.704,13.193
Malmö Konsthall,Malmö,Sweden,Roster unverified,Small or mid,Municipal kunsthalle run by the City of Malmö.,Roster not verified.,,,https://malmokonsthall.se,,,55.596,13.002
Bonniers Konsthall,Stockholm,Sweden,Roster unverified,Small or mid,Bonnier family (media) founder money.,No sponsor list read.,,,https://www.bonnierskonsthall.se,,,59.341,18.044
Magasin III,Stockholm,Sweden,Verified,Small or mid,Weil family foundation.,,,,https://www.magasin3.com/en/about/,,,59.31,18.1
Moderna Museet,Stockholm,Sweden,One name to know,Large,"SEK 257M, state 70%; PwC, a wine and spirits firm.","Bank of America, Bloomberg on roster.",,,https://www.modernamuseet.se/en/stockholm/about/support/,,,59.326,18.084
Bildmuseet,Umeå,Sweden,Roster unverified,Small or mid,"University museum of Umeå University, funded by the Swedish state.",Roster not verified.,yes,,https://www.bildmuseet.umu.se,https://www.e-flux.com/directory/1896/bildmuseet,,63.82,20.267
Kunsthalle Basel,Basel,Switzerland,Verified,Large,"Members and canton, CHF 950k a year.",Basler Kunstverein has run it since 1872.,,,https://www.bs.ch/pd/kultur/kulturfoerderung/foerderung-von-kulturinstitutionen,https://www.kunstverein.ch/sektion-des-monats/kunsthalle-basel,,47.553,7.59
Kunstmuseum Basel,Basel,Switzerland,One name to know,Small or mid,"250k visitors. Canton, Hoffmann and Merian foundations.","UBS direct partner, Novartis.",,,https://kunstmuseumbasel.ch/en/museum/lendersdonorssponsors,,,47.554,7.594
Museum Tinguely,Basel,Switzerland,One name to know,Small or mid,"Roche, 100% since 1996.",Wholly pharma-funded.,,,https://www.tinguely.ch/en/information/about-us/roche.html,,,47.559,7.612
Schaulager,Basel,Switzerland,One name to know,Small or mid,"Laurenz-Stiftung, Maja Oeri.",Roche pharma money.,,,https://schaulager.org/en/schaulager/laurenz-foundation,,,47.535,7.59
Kunsthalle Bern,Bern,Switzerland,Roster unverified,Small or mid,"Members, Förderkreise, Berner Kunstfonds, Stiftung Kunsthalle Bern, project foundations.",Published an ethics code June 2026; public subsidy roster not read.,yes,,https://kunsthallebern.ch/de/support,https://www.e-flux.com/announcements/6785664/edgar-calellin-may-saeed,,46.944,7.449
Kunstmuseum Bern,Bern,Switzerland,One name to know,Small or mid,"114k visitors. Canton, Burgergemeinde.",UBS main sponsor. Gurlitt provenance debate is separate.,,,https://www.kunstmuseumbern.ch/de/mitwirken/partner,,,46.951,7.443
Kunsthalle Friart Fribourg,Fribourg,Switzerland,Verified,Small or mid,"State and City of Fribourg, Agglomération, Loterie Romande, Banque Cantonale de Fribourg, Fondation Sandoz, Friends.",Independent kunsthalle; public and foundation roster.,yes,,https://www.friart.ch/fr/about,https://www.e-flux.com/announcements/6787144/jason-dodge,,46.803,7.158
Kunsthaus Baselland,Münchenstein,Switzerland,Verified,Small or mid,"Canton Basel-Landschaft, Münchenstein and Muttenz, Basel-Stadt, Novartis, BLKB cantonal bank, Habasit, Burgauer Stiftung.",Novartis funds free entry for under-26s; no protest over it.,yes,,https://www.kunsthausbaselland.ch/,https://www.e-flux.com/announcements/6787810/another-birth,,47.533,7.609
Fondation Beyeler,Riehen,Switzerland,One name to know,Large,About CHF 30M; canton 12.5%; founder's foundation covers deficits.,"UBS since 2004, protested at Art Basel.",,,https://grosserrat.bs.ch/dokumente/100405/000000405724.pdf,https://www.fondationbeyeler.ch/en/press/seiten-en/press/current-news/in-cooperation-with-ubs-the-fondation-beyeler-is-starting-the-internationally-oriented-program-of-artist-talks,,47.589,7.651
Kunst Halle Sankt Gallen,St. Gallen,Switzerland,Verified,Small or mid,"City and Canton St. Gallen, Swisslos (state lottery), Knechtli-Kradolfer-Stiftung, Appenzell AR; Raiffeisen funds education.","Public, lottery and foundation money only.",yes,,https://www.kunsthallesanktgallen.ch/de/,https://www.e-flux.com/announcements/6787067/chalis-e-naamanioctogone,,47.42,9.368
Kunsthalle Zürich,Zürich,Switzerland,One name to know,Large,"Members, city, canton, Luma Foundation, Swiss Re.",Bloomberg on roster.,,,https://www.kunsthallezurich.ch/en/institution/,,,47.389,8.517
Migros Museum,Zürich,Switzerland,Verified,Small or mid,"Funded entirely by the Migros one-percent culture levy. Free entry, no public money.",,,,https://migrosmuseum.ch/storage/product-pdfs/Facts_and_Figures/mm_factsandfigures_D.pdf,,,47.389,8.518
Kaohsiung Museum of Fine Arts,Kaohsiung,Taiwan,Roster unverified,Large,"Kaohsiung City museum, 1.04M visitors (2015); run by the city's cultural institution since 2017.",Exhibition sponsors not read.,,,https://en.wikipedia.org/wiki/Kaohsiung_Museum_of_Fine_Arts,,,22.66,120.288
Juming Museum,New Taipei,Taiwan,Roster unverified,Small or mid,Private foundation of the sculptor Ju Ming.,Roster not checked.,yes,,https://www.e-flux.com/directory/616762/juming-museum/,,,25.252,121.611
National Taiwan Museum of Fine Arts,Taichung,Taiwan,Roster unverified,Small or mid,"National, funded by Taiwan's Ministry of Culture.",State museum; roster not checked.,yes,,https://www.e-flux.com/announcements/?i=National Taiwan Museum of Fine Arts,,,24.141,120.663
Hong-gah Museum,Taipei,Taiwan,Verified,Small or mid,"Private museum of Chew's Culture Foundation, funded by an electronics fortune (Wan Yu Electronics).",,,,https://en.wikipedia.org/wiki/Hong-gah_Museum,,,25.121,121.469
MOCA Taipei,Taipei,Taiwan,Verified,Small or mid,Opened 2001 with funds from Acer founder Stan Shih; since 2008 run by the Taipei Culture Foundation with city money.,,,,https://zh.wikipedia.org/wiki/%E5%8F%B0%E5%8C%97%E7%95%B6%E4%BB%A3%E8%97%9D%E8%A1%93%E9%A4%A8,,,25.051,121.52
Taipei Contemporary Art Center,Taipei,Taiwan,Verified,Small or mid,"Founded 2010; mostly sales of artist-donated works, about 15% government subsidy.",Artist-run association of 60+ members.,yes,,https://www.e-flux.com/directory/166722/taipei-contemporary-art-center/,https://www.aaa-a.org/programs/taipei-contemporary-art-center-a-case-study,,25.054,121.519
Taipei Fine Arts Museum,Taipei,Taiwan,Roster unverified,Large,Taipei City Culture Bureau agency; 628k visitors (2015); NT$5.3B city-funded expansion to 2028.,Exhibition sponsors not read.,,,https://en.wikipedia.org/wiki/Taipei_Fine_Arts_Museum,,,25.072,121.525
Taiwan Contemporary Culture Lab (C-LAB),Taipei,Taiwan,Roster unverified,Small or mid,Funded by Taiwan's Ministry of Culture.,State-funded lab; roster not checked.,yes,,https://www.e-flux.com/announcements/?i=Taiwan Contemporary Culture Lab,,,25.044,121.535
Bangkok Art Biennale,Bangkok,Thailand,Verified,Small or mid,"Since 2018; BAB Foundation set up by ThaiBev's CEO; ThaiBev (alcohol), One Bangkok, Central and Siam Piwat (property).","Alcohol and property money, neither excluded.",yes,,https://www.e-flux.com/directory/439828/bangkok-art-biennale/,https://en.wikipedia.org/wiki/Bangkok_Art_Biennale,,13.746,100.531
Jim Thompson Art Center,Bangkok,Thailand,Verified,Small or mid,"Under the James H.W. Thompson Foundation, which relies entirely on its own income from the Jim Thompson House museum.",,,,https://www.jameshwthompsonfoundation.org/the-foundation/,,,13.749,100.528
MAIIAM,Chiang Mai,Thailand,Verified,Small or mid,Family collection.,,,,https://www.maiiam.com/,,,18.76,99.087
Thailand Biennale,Phuket,Thailand,Roster unverified,Small or mid,2025 edition; Office of Contemporary Art and Culture (Ministry of Culture) and Phuket province.,State-run; commissions co-funded by unnamed foundations.,yes,,https://www.tatnews.org/2025/08/thailand-biennale-phuket-2025-presents-eternal-kalpa/,https://www.e-flux.com/announcements/6784033/thailand-biennale-phuket-2025eternal-kalpa,,7.88,98.392
Palais de Lomé,Lomé,Togo,Verified,Small or mid,"Opened 2019, wholly Togolese state funded; director seeking diaspora donors and sponsors.",,,,https://www.frieze.com/article/can-palais-de-lome-change-arts-funding-models-africa,,,6.129,1.214
Alice Yard,Port of Spain,Trinidad and Tobago,Verified,Small or mid,"Backed by co-rd Ltd and Basso Leonard Architects, with Nordic Culture Fund residency grants.",Artist-run backyard space; documenta fifteen lumbung member.,,,https://documenta-fifteen.de/en/lumbung-members-artists/alice-yard/,,,10.665,-61.524
B7L9 Art Centre,Tunis,Tunisia,Verified,Small or mid,Opened 2019; Kamel Lazaar Foundation (founder's money from banking and finance).,Tunisia's first non-profit contemporary art centre; free programme.,,,https://www.kamellazaarfoundation.org/project/b7l9-art-centre,,,36.884,10.317
Pera Museum,Istanbul,Turkey,Roster unverified,Small or mid,Suna and İnan Kıraç Foundation.,Whether the foundation holds Koç assets is unknown.,,,https://www.peramuzesi.org.tr,,,41.032,28.975
SALT,Istanbul,Turkey,Roster unverified,Small or mid,Founded and funded by Garanti BBVA (bank) since 2011.,No controversy found in a Turkish search.,,,https://www.garantibbva.com.tr/kurumsal-iletisim/salt-15-yildir-kultur-mirasini-gelecege-tasiyor,,,41.023,28.974
Ishara Art Foundation,Dubai,UAE,Verified,Small or mid,"Self-funded by founder Smita Prabhakar (AMS International); housed at Alserkal Avenue, Alserkal family (property) honorary chair.","Private founder money, not a UAE state body.",,,https://www.ishara.org/about/who-we-are/,https://www.thenationalnews.com/arts-culture/art-design/2024/03/08/ishara-art-foundation/,,25.144,55.226
Jameel Arts Centre,Dubai,UAE,Verified,Small or mid,"Jameel family, Toyota distribution. Private, not Gulf-state money.",,,,https://alj.com/en/news/dubais-contemporary-art-institution-jameel-arts-centre-re-opens-to-the-public/,,,25.229,55.343
RAK Art Foundation,Ras Al Khaimah,UAE,Roster unverified,Small or mid,"Al Qasimi Foundation, primarily funded by the Ruler of Ras Al Khaimah.",Gulf ruler's body; labour critique not checked.,yes,,https://www.e-flux.com/directory/584593/rak-art-foundation/,https://www.alqasimifoundation.com/arts-culture,,25.789,55.943
Hospitalfield,Arbroath,UK,Verified,Small or mid,"£839k income (FY2025); Creative Scotland, Historic Environment Scotland, lottery heritage fund, Foyle, Robertson Trust, Garfield Weston, William Grant Foundation.",Two funders are whisky-endowed.,,,https://hospitalfield.org.uk/about/future-plan/,,,56.554,-2.61
The Bowes Museum,Barnard Castle,UK,Verified,Small or mid,"£3.9M income (FY2025); Arts Council, Durham County Council, lottery heritage fund, Art Fund, about 20 trusts; Darlington Building Society, Global Radio.",Current supporters page read in full.,,,https://thebowesmuseum.org.uk/support/current-supporters/,https://findthatcharity.uk/orgid/GB-CHC-1079639,,54.542,-1.916
Holburne Museum,Bath,UK,One name to know,Small or mid,"£3.7M income (FY2025); lottery funds, 35 trusts including Wolfson, Garfield Weston, AKO, Blavatnik.",Bloomberg Philanthropies listed for digital support.,,,https://www.holburne.org/support-us/our-supporters/,,,51.386,-2.351
Belfast Exposed,Belfast,UK,Verified,Small or mid,£423k income (FY2025); Arts Council of Northern Ireland and Belfast City Council only.,,,,https://www.belfastexposed.org/support-us/,,,54.602,-5.928
Golden Thread Gallery,Belfast,UK,Roster unverified,Small or mid,"£400k income (FY2025); Arts Council NI and Belfast City Council; lottery heritage fund, Foyle, Garfield Weston, Halifax Foundation NI.",Supporter logos unlabelled.,,,https://grantnav.threesixtygiving.org/org/GB-NIC-101097,,,54.599,-5.937
The MAC,Belfast,UK,Verified,Small or mid,"239k visitors. Arts Council NI, a taxi firm, a law firm.",,,,https://themaclive.com/support-us/supporters,,,54.601,-5.928
De La Warr Pavilion,Bexhill,UK,Verified,Small or mid,"£3.9M income (FY2025); Arts Council and Rother council core, £17M government capital, lottery heritage fund, Art Fund, Esmée Fairbairn.",Full funders page read; no corporate sponsor named.,,,https://www.dlwp.com/support/our-funders/,https://findthatcharity.uk/orgid/GB-CHC-1065586,,50.838,0.472
Eastside Projects,Birmingham,UK,One name to know,Small or mid,"Arts Council, Birmingham City University, trusts.",Genting Casino credited historically.,,,https://eastsideprojects.org/about/,,,52.476,-1.883
Ikon Gallery,Birmingham,UK,One name to know,Small or mid,"£1.9M. Arts Council, city; Kier, transport authority.",Deutsche Bank on roster.,,,https://www.ikon-gallery.org/support/sponsorship,https://findthatcharity.uk/orgid/GB-CHC-528892,,52.476,-1.91
Wysing Arts Centre,Bourn,UK,Roster unverified,Small or mid,"£863k income (FY2025); Arts Council NPO, Ragdoll Foundation, South Cambridgeshire council; patrons.",Site names no funders beyond patrons.,,,https://register-of-charities.charitycommission.gov.uk/en/charity-search/-/charity-details/1039555/financial-history,,,52.182,-0.07
Arnolfini,Bristol,UK,One name to know,Small or mid,"£1.6M. Arts Council, UWE Bristol.","No sponsor row; 2023 Palestine film cancellations drew a 1,000-artist boycott.",,,https://findthatcharity.uk/orgid/GB-CHC-311504,https://arnolfini.org.uk/,,51.449,-2.598
Spike Island,Bristol,UK,Verified,Small or mid,"£1.5M. Arts Council, city, local media, a brewery.",,,,https://findthatcharity.uk/orgid/GB-CHC-1003505,https://www.spikeisland.org.uk/our-supporters/,,51.447,-2.613
Kettle's Yard,Cambridge,UK,Verified,Small or mid,"103k visits. University, Arts Council, colleges.",,,,https://www.kettlesyard.cam.ac.uk/corporate-support/,https://www.alva.org.uk/details.cfm?p=423,,52.211,0.116
Chapter,Cardiff,UK,Verified,Small or mid,"£3.6M. Arts Council Wales, lottery.",,,,https://findthatcharity.uk/orgid/GB-CHC-500813,,,51.487,-3.203
Pallant House Gallery,Chichester,UK,Verified,Small or mid,"£3.0M. Arts Council, district council; Dreweatts auctioneers.",,,,https://findthatcharity.uk/orgid/GB-CHC-1102435,https://pallant.org.uk/support-us/corporate-support/,,50.836,-0.777
Firstsite,Colchester,UK,Roster unverified,Small or mid,"£2.4M income (FY2025), £1.0M government grants; Arts Council NPO.",Site blocked; other funders not verifiable.,,,https://register-of-charities.charitycommission.gov.uk/en/charity-search/-/charity-details/1031800/financial-history,,,51.889,0.906
Grizedale Arts,Coniston,UK,Roster unverified,Small or mid,"£469k income (FY2025); Arts Council and district council, Royal Countryside Fund, Architectural Heritage Fund.",Site refused connections.,,,https://en.wikipedia.org/wiki/Grizedale_Arts,,,54.347,-3.052
CCA Derry~Londonderry,Derry,UK,Verified,Small or mid,"£172k income (FY2025); Arts Council NI, council, Garfield Weston, a local law firm.",,,,https://www.ccadld.org/about,,,54.996,-7.322
Void,Derry,UK,Verified,Small or mid,"£329k income (FY2025); Arts Council NI, council, Future Screens NI, Garfield Weston, Halifax Foundation NI, Henry Moore Foundation, Ulster University.",2017 statement over a show's US funder; no sponsor dropped.,,,https://www.derryvoid.com/about-us/,,,54.998,-7.321
Dundee Contemporary Arts,Dundee,UK,Verified,Small or mid,£2.8M. Creative Scotland and city.,"The Baillie Gifford rows hit Edinburgh venues, not DCA.",,,https://www.oscr.org.uk/about-charities/search-the-register/charity-details?number=SC026631,,,56.457,-2.974
Towner Eastbourne,Eastbourne,UK,Verified,Small or mid,£3.6M. Arts Council and borough.,No sponsors published.,,,https://findthatcharity.uk/orgid/GB-CHC-1156762,,,50.762,0.281
Talbot Rice Gallery,Edinburgh,UK,Roster unverified,Small or mid,"University of Edinburgh; Creative Scotland, Freelands, Mondriaan Fonds, AHRC.",Support page lists no corporate sponsors.,,,https://www.trg.ed.ac.uk/support-us,,,55.947,-3.188
Baltic,Gateshead,UK,One name to know,Small or mid,"£6.8M. Arts Council, Gateshead; Nissan, Tommee Tippee.",Refused BAE money for a 2018 exhibition after protest; never its own sponsor.,,,https://baltic.art/how-you-can-support-us/corporate-supporters/,https://findthatcharity.uk/orgid/GB-CHC-1076251,,54.969,-1.599
GoMA,Glasgow,UK,One name to know,Large,"Glasgow Life-run; 577k visitors (2019); Glasgow City Council, Creative Scotland.",Bloomberg Philanthropies appears at Glasgow Life level.,,,https://www.glasgowlife.org.uk/about-us/annual-review,,,55.86,-4.252
The Common Guild,Glasgow,UK,Verified,Small or mid,"Creative Scotland, Ampersand Foundation, Henry Moore Foundation, Elephant Trust, Outset, Pro Helvetia, British Council.",Grants and donations only.,yes,,https://www.thecommonguild.org.uk/support,,,55.851,-4.247
Tramway,Glasgow,UK,One name to know,Small or mid,Glasgow Life-run; Glasgow Life and Creative Scotland; no corporate sponsor named.,Parent Glasgow Life's 2025-26 thanks list includes Bloomberg Philanthropies.,,,https://www.tramway.org/about-tramway/,,,55.841,-4.267
Compton Verney,Kineton,UK,Roster unverified,Small or mid,"£4.7M income (FY2025); Compton Verney Fund endowment, Arts Council NPO, lottery heritage fund.","Endowment derives from Peter Moores (Littlewoods pools), historic.",,,https://www.comptonverney.org.uk/join-support/,,,52.173,-1.547
Henry Moore Institute,Leeds,UK,One name to know,Small or mid,"Henry Moore Foundation £8.0M income (FY2025), mostly endowment; Leeds City Council, Arts Council; 56k visitors.",Bloomberg Philanthropies funded website and archive digitisation.,,,https://henry-moore.org/what-we-do/about-the-henry-moore-institute/,,,53.8,-1.548
Charleston,Lewes,UK,One name to know,Small or mid,"£2.7M income (2024), no regular public grant; Wolfson, Rothschild Foundation, Fidelity UK Foundation, Art Fund, patrons.","Thanks Bloomberg Philanthropies, a name under the May 2026 campaign.",,,https://register-of-charities.charitycommission.gov.uk/charity-search/-/charity-details/4012805/accounts-and-annual-returns,https://findthatcharity.uk/orgid/GB-CHC-1107313,,50.878,0.043
Bluecoat,Liverpool,UK,Roster unverified,Small or mid,"£2.4M income (FY2025); Arts Council, Liverpool City Council, Culture Liverpool.",Business members unnamed.,,,https://www.thebluecoat.org.uk/join-us,,,53.404,-2.984
FACT,Liverpool,UK,One name to know,Small or mid,"£1.9M income (FY2025); Arts Council, Liverpool City Council, Paul Hamlyn, Jerwood, John Ellerman, Granada Foundation.",Bloomberg Philanthropies listed among funders.,,,https://www.fact.co.uk/about/supporters,,,53.403,-2.98
Mostyn,Llandudno,UK,Verified,Small or mid,"£0.7M. Arts Council Wales, a paint firm, a local estate.",,,,https://findthatcharity.uk/orgid/GB-CHC-507842,https://www.mostyn.org/support-us/,,53.323,-3.826
Autograph,London,UK,Verified,Small or mid,"£1.6M income (FY2025); Arts Council NPO, lottery heritage fund, Art Fund.",Barclays only as a 2007 building funder.,,,https://autograph.org.uk/about-us/history,,,51.526,-0.079
Camden Art Centre,London,UK,Verified,Small or mid,"£3.3M. Arts Council, Camden Council, trusts.",,,,https://findthatcharity.uk/orgid/GB-CHC-1065829,https://camdenartcentre.org/support,,51.548,-0.187
Chisenhale Gallery,London,UK,Verified,Small or mid,"£1.0M. Arts Council, trusts, patrons' circles.",No corporate sponsors published.,,,https://findthatcharity.uk/orgid/GB-CHC-1026175,https://chisenhale.org.uk/support/,,51.529,-0.033
Delfina Foundation,London,UK,Verified,Small or mid,"Since 2020 raises all income from patrons, galleries and foundations (Mondriaan Fund, Charles Wallace, Samdani, Brooks).",Residency charity.,yes,,https://www.delfinafoundation.com/support/,https://www.delfinafoundation.com/about/partners/current/,,51.499,-0.141
Gasworks,London,UK,Verified,Small or mid,"£1.0M income (FY2026); Arts Council, City Bridge Foundation, Henry Moore Foundation, Sasakawa, Elephant Trust, patrons.",Roster from the trustees' report; has an ethical fundraising policy.,,,https://register-of-charities.charitycommission.gov.uk/charity-search/-/charity-details/326411/financial-history,https://www.gasworks.org.uk/support-us/supporters/,,51.484,-0.113
Mosaic Rooms,London,UK,Verified,Small or mid,"Al-Qattan Charitable Trust, Arts Council England, Elephant Trust, Fluxus Art Projects; independent charity since Feb 2026.",Arab-culture centre.,yes,,https://www.theartnewspaper.com/2026/02/11/londons-mosaic-rooms-art-arab-region-reopens-after-expansion,,,51.495,-0.195
Raven Row,London,UK,Verified,Small or mid,Funded by the Glass-House Trust (settlor Alex Sainsbury).,Single private trust; no sponsors.,yes,,https://en.wikipedia.org/wiki/Raven_Row,,,51.518,-0.077
Sir John Soane's Museum,London,UK,Verified,Small or mid,"£4.2M, 158k visitors. Government grant, trusts, brand licensing.",,,,https://findthatcharity.uk/orgid/GB-CHC-313609,https://www.soane.org/about/inspired-soane-brand-partnerships,,51.517,-0.117
Somerset House,London,UK,One name to know,Large,"£25.3M income (FY2025), no regular public funding; Morgan Stanley, Bank of America, American Express, Virgin Atlantic, AKO, Garfield Weston; 2.9M visitors.",HSBC UK and Bloomberg are current corporate partners.,,,https://www.somersethouse.org.uk/support-us/current-supporters,,,51.511,-0.117
South London Gallery,London,UK,One name to know,Small or mid,"£2.3M income (FY2025); Arts Council, Southwark Council, Bukhman Foundation, Garfield Weston; gallery corporate partners.",Bloomberg Philanthropies is an ongoing funder.,,,https://www.southlondongallery.org/support-us/current-supporters/,,,51.474,-0.08
Studio Voltaire,London,UK,One name to know,Small or mid,"£2.3M. Arts Council; Christie's, Zwirner, Hauser & Wirth, LOEWE.",Roster includes Bloomberg Philanthropies.,,,https://studiovoltaire.org/support/supporters-and-funders/,https://findthatcharity.uk/orgid/GB-CHC-1082221,,51.463,-0.138
The Photographers' Gallery,London,UK,Verified,Small or mid,"£4.3M income (FY2025); Arts Council NPO, Deutsche Börse Photography Foundation prize, Leica, Polaroid, Wolfson, Ampersand.","Deutsche Börse is the exchange operator, not Deutsche Bank.",,,https://thephotographersgallery.org.uk/join-support/corporate-partnerships,,,51.515,-0.139
Wellcome Collection,London,UK,Verified,Large,"Wellcome Trust endowment. Free, no sponsors.",Pharma origin; Trust portfolio not checked.,,,https://wellcome.org/about-us/history-wellcome,https://en.wikipedia.org/wiki/Wellcome_Collection,,51.526,-0.134
Whitechapel Gallery,London,UK,Verified,Large,Phillips and art foundations.,,,,https://www.whitechapelgallery.org/about/press/2025-art-icon-gala/,,,51.516,-0.07
Castlefield Gallery,Manchester,UK,Verified,Small or mid,"£671k income (FY2025); Arts Council, Manchester City Council, Fenton Arts Trust, Brian Mercer Trust, patrons.",,,,https://www.castlefieldgallery.co.uk/about/,,,53.474,-2.251
HOME,Manchester,UK,Roster unverified,Small or mid,£7.2M income (FY2025); Arts Council and Manchester City Council core.,Supporters page unreadable.,,,https://register-of-charities.charitycommission.gov.uk/charity-search/-/charity-details/514719/financial-history,,,53.474,-2.246
The Whitworth,Manchester,UK,One name to know,Small or mid,"279k visits. University, Arts Council; Hyundai, Little Greene.","Deutsche Bank via Frieze; 2022 censorship row, director ousted.",,,https://www.whitworth.manchester.ac.uk/about/supportus/ourcurrentsponsorsandfunders/,,,53.46,-2.229
MIMA,Middlesbrough,UK,Verified,Small or mid,"Teesside University unit; Arts Council £1.6M over three years, Middlesbrough Council, Freelands, Henry Moore Foundation, Art Fund; 60k visitors.",Roster from the 2024-25 impact report.,,,https://mima.art/wp-content/uploads/2026/02/MIMA-Impact-Report-24-25.pdf,,,54.575,-1.234
New Art Exchange,Nottingham,UK,Verified,Small or mid,"£1.6M income (FY2025); Arts Council, Nottingham City Council, Nottingham Trent University, Freelands Foundation, Art Fund.",,,,https://www.nae.org.uk/about/who-we-are/,,,52.966,-1.168
Nottingham Contemporary,Nottingham,UK,One name to know,Small or mid,"£2.1M. Arts Council, universities, trusts.",Bloomberg Philanthropies as headline sponsor.,,,https://www.nottinghamcontemporary.org/support/,https://findthatcharity.uk/orgid/GB-CHC-1116670,,52.951,-1.145
Modern Art Oxford,Oxford,UK,Verified,Small or mid,"£3.1M. Arts Council; Lavazza, two law firms, galleries.",,,,https://findthatcharity.uk/orgid/GB-CHC-313035,https://www.modernartoxford.org.uk/get-involved/support-us/corporate-partners,,51.751,-1.258
Newlyn Art Gallery,Penzance,UK,One name to know,Small or mid,"£0.7M, about half public.",Bloomberg Philanthropies.,,,https://newlynartgallery.co.uk/support-us/,https://findthatcharity.uk/orgid/GB-CHC-273785,,50.104,-5.548
Site Gallery,Sheffield,UK,Verified,Small or mid,"£565k income (FY2025); Arts Council, Sheffield City Council, Esmée Fairbairn, Foyle, Freelands, Garfield Weston, Henry Moore Foundation, Jerwood, Wolfson.",No corporate sponsor.,,,https://www.sitegallery.org/about/supporters/,,,53.377,-1.466
Pier Arts Centre,Stromness,UK,Verified,Small or mid,£618k income (FY2025); Creative Scotland and Orkney Islands Council; Plus Tate partner.,,,,https://www.pierartscentre.com/about,,,58.963,-3.298
Cample Line,Thornhill,UK,Verified,Small or mid,"£52k income (2024); Creative Scotland, Dumfries and Galloway Council, Holywood Trust, Henry Moore Foundation, Film Hub Scotland.",,,,https://www.oscr.org.uk/about-charities/search-the-register/charity-details?number=SC047031,,,55.222,-3.745
The Hepworth Wakefield,Wakefield,UK,One name to know,Small or mid,"£4.2M. Arts Council, council, trusts; a rail firm, a paper maker.",Bloomberg Philanthropies and Blavatnik foundation.,,,https://hepworthwakefield.org/our-story/about-us/35729-2/,https://findthatcharity.uk/orgid/GB-CHC-1138117,,53.678,-1.496
Yorkshire Sculpture Park,Wakefield,UK,One name to know,Small or mid,"£7.6M. Arts Council, council, Bramall Foundation; MINI dealer.","HSBC, a fossil-finance target.",,,https://ysp.org.uk/support-us/our-supporters,https://findthatcharity.uk/orgid/GB-CHC-1067908,,53.613,-1.573
Akron Art Museum,Akron,USA,Roster unverified,Small or mid,"$5.4M expenses (2023); private donors, foundations and members.",Roster not checked.,,,https://projects.propublica.org/nonprofits/organizations/340813426,,,41.084,-81.516
Atlanta Contemporary,Atlanta,USA,Roster unverified,Small or mid,"Expenses $0.7M (FY2025); board, members, city and state arts grants.",Board page unavailable.,,,https://projects.propublica.org/nonprofits/organizations/581174492,,,33.776,-84.404
Blanton Museum of Art,Austin,USA,One name to know,Small or mid,"University of Texas unit; Blanton Leadership Board, Moody Foundation, members.","Naming gift from Jack S. Blanton, Scurlock Oil president: oil-origin name.",,,https://blantonmuseum.org/about/,,,30.281,-97.738
The Contemporary Austin,Austin,USA,Roster unverified,Small or mid,"Expenses $10.3M (2024); trustees, members and the Suzanne Deal Booth prize fund.","Board read, no excluded name; sponsor list not reached.",,,https://projects.propublica.org/nonprofits/organizations/741233816,,,30.267,-97.743
Crystal Bridges,Bentonville,USA,One name to know,Large,"$96M, free. Walton endowments, Walmart.",Walmart money is a standing point of debate; never protested.,,,https://crystalbridges.org/news-room/crystal-bridges-receives-7-million-walmart-foundation-grant-to-cover-admission-fees-for-all-visitors-and-to-support-the-momentary/,https://projects.propublica.org/nonprofits/organizations/201359710,,36.382,-94.204
BAMPFA,Berkeley,USA,Roster unverified,Small or mid,"UC Berkeley unit; university, Curator's Circle and Film Council members.",Supporters page not reached.,,,https://bampfa.org/about,,,37.87,-122.267
Birmingham Museum of Art,Birmingham,USA,Roster unverified,Small or mid,City-owned; endowment trust expenses $1.3M (FY2025).,Alabama Power and Drummond coal sponsorship not checked.,,,https://projects.propublica.org/nonprofits/organizations/636188288,,,33.523,-86.809
Cranbrook Art Museum,Bloomfield Hills,USA,Verified,Small or mid,Booth newspaper endowment.,,,,https://projects.propublica.org/nonprofits/organizations/382015048,,,42.573,-83.246
Boise Art Museum,Boise,USA,Roster unverified,Small or mid,"Expenses $1.7M (FY2026); members, City of Boise; Idaho Power sponsors a senior programme.",Board not verified.,,,https://projects.propublica.org/nonprofits/organizations/820256187,,,43.607,-116.208
Bronx Museum of the Arts,Bronx,USA,Roster unverified,Small or mid,"$4.2M expenses (2023); NYC cultural funding, foundations and private donors.",No adverse funder finding; roster not checked.,,,https://projects.propublica.org/nonprofits/organizations/132709368,,,40.831,-73.92
Wave Hill,Bronx,USA,Roster unverified,Small or mid,$8.7M expenses (2023); city-owned site with NYC cultural funding plus private donors.,No adverse finding; supporters roster not checked.,,,https://projects.propublica.org/nonprofits/organizations/136178903,,,40.898,-73.912
Ackland Art Museum,Chapel Hill,USA,Roster unverified,Small or mid,"UNC unit; Ackland bequest, university and members.",Advisory board page unavailable.,,,https://ackland.org/about/,,,35.913,-79.053
Gibbes Museum of Art,Charleston,USA,Roster unverified,Small or mid,"Carolina Art Association expenses $4.5M (2023); trustees, members.",Site blocked.,,,https://projects.propublica.org/nonprofits/organizations/570323047,,,32.779,-79.932
Renaissance Society,Chicago,USA,Verified,Small or mid,$1.6M. Members and foundations.,,,,https://projects.propublica.org/nonprofits/organizations/366109822,,,41.789,-87.598
MOCA Cleveland,Cleveland,USA,Roster unverified,Small or mid,$3.7M expenses (2023); private donors and foundations.,Roster not checked.,,,https://projects.propublica.org/nonprofits/organizations/341148828,,,41.508,-81.605
Magazzino Italian Art,Cold Spring,USA,Verified,Small or mid,$4.5M. Founder-funded.,,,,https://www.magazzino.art/about,,,41.419,-73.943
Columbus Museum of Art,Columbus,USA,One name to know,Small or mid,$16.3M expenses (2023); private donors and foundations.,Les Wexner paid for a site study and a gift was reported; his name is under campaign elsewhere.,,,https://projects.propublica.org/nonprofits/organizations/314379447,https://www.columbusmonthly.com/story/business/names-faces/2020/05/18/from-archives-les-wexner-s/1185489007/,,39.964,-82.988
Orange County Museum of Art,Costa Mesa,USA,Roster unverified,Small or mid,Expenses $13.8M (2024); Segerstrom real-estate family; now part of UC Irvine's Langson institute.,Roster unverified.,,,https://projects.propublica.org/nonprofits/organizations/951660847,,,33.688,-117.885
Dallas Contemporary,Dallas,USA,Roster unverified,Small or mid,"Expenses $2.2M (2024); board, gala and members; non-collecting kunsthalle.",Board names not captured.,,,https://projects.propublica.org/nonprofits/organizations/751575687,,,32.786,-96.821
Dallas Museum of Art,Dallas,USA,One name to know,Large,"Expenses $30.1M (FY2025); City of Dallas, trustees, donor circles and endowment.",Hamon Building funded by an oil fortune; current sponsor roster not verified.,,,https://projects.propublica.org/nonprofits/organizations/750808774,,,32.788,-96.801
Nasher Sculpture Center,Dallas,USA,Verified,Small or mid,$14M. Nasher real-estate foundation.,,,,https://projects.propublica.org/nonprofits/organizations/20601628,,,32.788,-96.801
Clyfford Still Museum,Denver,USA,Roster unverified,Small or mid,"Expenses $6.9M (FY2025); city-built, Still estate collection, foundation and members.",Board page blocked.,,,https://projects.propublica.org/nonprofits/organizations/861147083,,,39.736,-104.99
Denver Art Museum,Denver,USA,One name to know,Large,"Expenses $79.7M (FY2025, incl. capital); SCFD sales tax, City of Denver, Anschutz and Hamilton gifts.",Hamilton Building named for an oilman; Anschutz gifts are oil-origin.,,,https://projects.propublica.org/nonprofits/organizations/846038240,,,39.737,-104.989
MCA Denver,Denver,USA,Roster unverified,Small or mid,Founders Mark Falcone (real estate) and Ellen Bruss; SCFD sales tax.,Board and sponsors not verified.,,,https://projects.propublica.org/nonprofits/organizations/841366092,,,39.753,-104.999
Des Moines Art Center,Des Moines,USA,One name to know,Small or mid,"$12.4M. Edmundson trust, Pappajohn.","2024 Mary Miss lawsuit, settled. Artist rights, not sponsors.",,,https://news.artnet.com/art-world/mary-miss-greenwood-installation-des-moines-settlement-2597948,https://www.iowapublicradio.org/arts-life/2025-01-14/des-moines-art-center-mary-miss-iowa-lawsuit,,41.585,-93.671
Nasher Museum of Art at Duke,Durham,USA,One name to know,Small or mid,"Duke University unit; Raymond Nasher (real estate) founding gift, Board of Advisors.",Duke's endowment is tobacco-origin.,,,https://nasher.duke.edu/about/,,,36,-78.929
Amon Carter Museum,Fort Worth,USA,One name to know,Small or mid,"$20.8M. Carter foundation, city, state.",Eagle Energy Systems and BNSF on roster.,,,https://www.cartermuseum.org/support,https://projects.propublica.org/nonprofits/organizations/751077979,,32.749,-97.368
Modern Art Museum of Fort Worth,Fort Worth,USA,One name to know,Small or mid,"Expenses $17.2M (FY2025); trustees, Burnett Foundation and members.",Anne Marion (Burnett oil and ranch fortune) was lead patron.,,,https://projects.propublica.org/nonprofits/organizations/751107061,,,32.749,-97.363
Wadsworth Atheneum Museum of Art,Hartford,USA,Roster unverified,Small or mid,"$18.8M expenses (2023); endowment, private donors and state arts funding.",No adverse finding; roster not checked.,,,https://projects.propublica.org/nonprofits/organizations/60653111,,,41.763,-72.674
Contemporary Arts Museum Houston,Houston,USA,Verified,Small or mid,"$6.1M, free. Brown Foundation, H-E-B grocery.",,,,https://camh.org/about/,https://projects.propublica.org/nonprofits/organizations/741093771,,29.727,-95.39
Museum of Contemporary Art San Diego,La Jolla,USA,Roster unverified,Small or mid,"Expenses $13.7M (FY2025); $40M+ endowment from the 1999 Axline bequest, trustees, corporate partners.",Corporate partner page not read.,,,https://projects.propublica.org/nonprofits/organizations/951855640,,,32.845,-117.278
Craft Contemporary,Los Angeles,USA,Roster unverified,Small or mid,"Expenses $1.9M (FY2025); co-chairs from publishing and real estate, members.",Supporters page not reached.,,,https://projects.propublica.org/nonprofits/organizations/237442244,,,34.063,-118.36
Museum of Jurassic Technology,Los Angeles,USA,Roster unverified,Small or mid,"Expenses $0.6M (FY2023); founder David Wilson, Getty and Mike Kelley Foundation grants 2024, LA County and city arts funds.",Bloomberg Philanthropies appears only on a donors page dated 1996 to 2001; no current roster published.,,,http://www.mjt.org/donors.html,https://projects.propublica.org/nonprofits/organizations/954309388,,34.026,-118.396
The Broad,Los Angeles,USA,Verified,Large,"$30M. $200M founder endowment. Free, no sponsors.",Homebuilding and insurance fortune.,,,https://www.thebroad.org/about,https://projects.propublica.org/nonprofits/organizations/273032164,,34.054,-118.25
Madison Museum of Contemporary Art,Madison,USA,Roster unverified,Small or mid,$2.9M expenses (2023); private donors and members; free admission.,Roster not checked.,,,https://projects.propublica.org/nonprofits/organizations/391133513,,,43.075,-89.388
Ballroom Marfa,Marfa,USA,Verified,Small or mid,$1.1M. Individuals and foundations.,,,,https://projects.propublica.org/nonprofits/organizations/200126402,,,30.309,-104.03
Chinati Foundation,Marfa,USA,Verified,Small or mid,"$3.7M. Contributions, no sponsors named.",,,,https://projects.propublica.org/nonprofits/organizations/742340423,,,30.302,-104.028
Judd Foundation,Marfa,USA,Verified,Small or mid,$7.3M. Estate and art sales.,,,,https://projects.propublica.org/nonprofits/organizations/742798673,,,30.312,-104.019
ICA Miami,Miami,USA,Verified,Small or mid,"$12.4M, free. Braman family, Knight Foundation, City National, Cartier.",,,,https://icamiami.org/about/,https://projects.propublica.org/nonprofits/organizations/471251523,,25.813,-80.193
New Orleans Museum of Art,New Orleans,USA,Roster unverified,Small or mid,Expenses $13.1M (2024); contributions 62%; trustees include Gayle Benson and Walda Besthoff (retail); First Horizon Bank.,"Board read, no excluded name; oil sponsorship not checked.",,,https://projects.propublica.org/nonprofits/organizations/726000331,,,29.986,-90.093
Ogden Museum,New Orleans,USA,One name to know,Small or mid,"$3.5M. Founder gift, Louisiana appropriation.","Helis Foundation, oil-derived money, funds free Thursdays.",,,https://ogdenmuseum.org/support/,https://projects.propublica.org/nonprofits/organizations/721479496,,29.943,-90.071
Artists Space,New York,USA,Verified,Small or mid,$2.3M. State arts council and commercial galleries.,,,,https://artistsspace.org/support,https://projects.propublica.org/nonprofits/organizations/132749632,,40.717,-74.004
El Museo del Barrio,New York,USA,Roster unverified,Small or mid,"City-owned site, NYC cultural funding and private donors.",Neither finances nor roster verified.,,,https://www.elmuseo.org/,,,40.793,-73.951
Morgan Library & Museum,New York,USA,Roster unverified,Large,$31.4M expenses (2023); endowment from the J.P. Morgan banking fortune plus private donors.,Banking founding fortune; current roster not checked.,,,https://projects.propublica.org/nonprofits/organizations/131624146,,,40.749,-73.981
Museum of Arts and Design,New York,USA,Roster unverified,Small or mid,"$13.7M expenses (2023); private donors, members and admissions.",No adverse finding; roster not checked.,,,https://projects.propublica.org/nonprofits/organizations/133585408,,,40.767,-73.982
Neue Galerie New York,New York,USA,Roster unverified,Large,$20.5M expenses (2023); founder Ronald Lauder (Estée Lauder cosmetics fortune) and admissions.,Cosmetics founding fortune; full roster not checked.,,,https://projects.propublica.org/nonprofits/organizations/134047433,,,40.781,-73.96
Noguchi Museum,New York,USA,One name to know,Small or mid,"$10M. Noguchi estate, city capital.",2024 keffiyeh-ban firings. Not sponsor-related.,,,https://en.wikipedia.org/wiki/Noguchi_Museum,,,40.767,-73.938
Queens Museum,New York,USA,One name to know,Small or mid,"$7.8M. City-owned building, about 70% public historically.",2017 Israel-event row; 2023 staff complaints. Not sponsor-related.,,,https://en.wikipedia.org/wiki/Queens_Museum,,,40.746,-73.847
SculptureCenter,New York,USA,Verified,Small or mid,"Expenses $2.0M (FY2023); Kellen, Teiger, Warhol, Lambent, Hartwig, Frankenthaler foundations, NYSCA and NYC DCLA; artist-heavy board.",Full controversy search could not run; nothing adverse on board or funder pages.,,,https://www.sculpture-center.org/about/6870/board-staff,https://projects.propublica.org/nonprofits/organizations/131669204,,40.747,-73.943
Swiss Institute,New York,USA,Verified,Small or mid,"Expenses $5.5M (FY2023); Pro Helvetia, NYSCA, NYC DCLA, LUMA Foundation (Roche heiress), Mellon, Warhol, Frankenthaler.",Bloomberg (2018-19) and Blavatnik (2020-21) were partners but are not current.,,,https://swissinstitute.net/support/institutional-partners/,https://projects.propublica.org/nonprofits/organizations/133414346,,40.722,-73.992
The Drawing Center,New York,USA,Roster unverified,Small or mid,$3.5M expenses (2023); private donors and foundations.,No adverse finding; roster not checked.,,,https://projects.propublica.org/nonprofits/organizations/132887872,,,40.723,-74.003
The Kitchen,New York,USA,Verified,Small or mid,$2.9M. Foundations.,,,,https://thekitchen.org/support/,https://projects.propublica.org/nonprofits/organizations/132887872,,40.746,-74.006
White Columns,New York,USA,One name to know,Small or mid,"Expenses $1.2M (FY2023); NYC DCLA, NYSCA, Warhol, Frankenthaler, Speyer, Niarchos and Blavatnik foundations.","Blavatnik Family Foundation (Access Industries, oil origin) is contested at Tate and Oxford.",,,https://whitecolumns.org/support-v2/,https://projects.propublica.org/nonprofits/organizations/237259446,,40.739,-74.009
Chrysler Museum of Art,Norfolk,USA,Roster unverified,Small or mid,$18.4M expenses (2023); City of Norfolk plus private donors; founding gift from Walter Chrysler Jr (car fortune).,Automobile founding fortune; roster not checked.,,,https://projects.propublica.org/nonprofits/organizations/510243196,,,36.857,-76.294
Oakland Museum of California,Oakland,USA,Roster unverified,Small or mid,"Expenses $20.4M (FY2025); City of Oakland subsidy, foundation trustees, members.",Board page blocked.,,,https://projects.propublica.org/nonprofits/organizations/453138892,,,37.798,-122.264
Bemis Center,Omaha,USA,Verified,Small or mid,"$2.4M. Artist-founded, Mellon lead support.",,,,https://www.bemiscenter.org/about,https://projects.propublica.org/nonprofits/organizations/470653927,,41.252,-95.928
Joslyn Art Museum,Omaha,USA,Roster unverified,Small or mid,$11.3M expenses (2023); Joslyn endowment (newspaper-syndicate fortune) and private donors.,Publishing founding fortune; roster not checked.,,,https://projects.propublica.org/nonprofits/organizations/470384577,,,41.261,-95.946
Palm Springs Art Museum,Palm Springs,USA,Roster unverified,Small or mid,"Expenses $11.4M (FY2024); trustees, members, desert philanthropists.",Board not verified.,,,https://projects.propublica.org/nonprofits/organizations/951809576,,,33.826,-116.549
Heard Museum,Phoenix,USA,Roster unverified,Small or mid,"Revenue $23.2M (FY2025); trustees, Dickey family, members, Indian Fair.",A trustee shares a name with a former coal CEO; identity unconfirmed.,,,https://projects.propublica.org/nonprofits/organizations/860107517,,,33.472,-112.072
Phoenix Art Museum,Phoenix,USA,Roster unverified,Small or mid,"Expenses $11.9M (FY2023) plus a $12M endowment fund; trustees, members, City of Phoenix.",Board page blocked.,,,https://projects.propublica.org/nonprofits/organizations/860072608,,,33.467,-112.07
Portland Museum of Art,"Portland, Maine",USA,Roster unverified,Small or mid,"$13.4M expenses (2024); private donors, members and admissions.",No adverse finding; roster not checked.,,,https://projects.propublica.org/nonprofits/organizations/10378420,,,43.654,-70.262
PICA Portland,Portland,USA,One name to know,Small or mid,"$2.5M. Oregon and city arts bodies; Nike, Netflix, Google.","Pacific Power, a fossil-heavy utility.",,,https://www.pica.org/support,https://projects.propublica.org/nonprofits/organizations/931177971,,45.527,-122.667
Portland Art Museum,Portland,USA,Roster unverified,Large,"Expenses $27.7M (FY2025); Boyle (Columbia Sportswear), Miller Foundation, Oregon Community Foundation.",Board not verified.,,,https://projects.propublica.org/nonprofits/organizations/930391604,,,45.516,-122.683
Glenstone,Potomac,USA,Verified,Large,"$65M. Rales family, $1.9B gift. Free, no sponsors.",Danaher industrial fortune.,,,https://www.theartnewspaper.com/2023/03/02/mitchell-rales-19bn-donation-glenstone-museum,https://projects.propublica.org/nonprofits/organizations/205938416,,39.049,-77.226
Nevada Museum of Art,Reno,USA,Roster unverified,Small or mid,"Expenses $10.4M (2024); trustees, members, Nevada foundations.",Casino and mining fortunes on the roster not checked.,,,https://projects.propublica.org/nonprofits/organizations/886003042,,,39.523,-119.815
Aldrich Contemporary Art Museum,Ridgefield,USA,Roster unverified,Small or mid,"$3.3M expenses (2023); founded by Larry Aldrich (fashion fortune), now private donors.",Fashion founding fortune; roster not checked.,,,https://projects.propublica.org/nonprofits/organizations/66069965,,,41.281,-73.498
Utah Museum of Contemporary Art,Salt Lake City,USA,Roster unverified,Small or mid,"Expenses $0.9M (FY2023); board, Salt Lake County ZAP tax, state arts council.",Corporate sponsors unverified.,,,https://projects.propublica.org/nonprofits/organizations/870221537,,,40.766,-111.895
McNay Art Museum,San Antonio,USA,One name to know,Small or mid,"Expenses $10.8M (FY2025); McNay bequest endowment, trustees and members.",Founding endowment is inherited oil wealth.,,,https://projects.propublica.org/nonprofits/organizations/741195277,,,29.484,-98.457
Asian Art Museum,San Francisco,USA,Roster unverified,Large,"Foundation expenses $39.4M (FY2025); City of San Francisco, Chong-Moon Lee (tech) gift, trustees.","Founder Avery Brundage's bust was removed in 2020 for racism, not a funder protest.",,,https://projects.propublica.org/nonprofits/organizations/941704765,,,37.78,-122.416
Wattis Institute,San Francisco,USA,Verified,Small or mid,"Wattis foundation, city arts grants.",,,,https://www.wattis.org/donate,,,37.767,-122.418
Georgia O'Keeffe Museum,Santa Fe,USA,One name to know,Small or mid,"Founded 1997 by Anne and John Marion via the Burnett Foundation; admissions, members.",Founding fortune is Burnett oil and ranching.,,,https://www.okeeffemuseum.org/about/,,,35.687,-105.942
New Mexico Museum of Art,Santa Fe,USA,Roster unverified,Small or mid,State Department of Cultural Affairs unit; Museum of New Mexico Foundation revenue $16.2M (FY2025) across four museums.,Foundation board not reached.,,,https://projects.propublica.org/nonprofits/organizations/850202503,,,35.688,-105.939
SITE Santa Fe,Santa Fe,USA,Verified,Small or mid,"$4.5M, 60k visitors.",,,,https://projects.propublica.org/nonprofits/organizations/850413922,,,35.678,-105.955
Telfair Museums,Savannah,USA,Roster unverified,Small or mid,"Expenses $9.2M (2024); trustees, members, Telfair bequest.",Site blocked.,,,https://projects.propublica.org/nonprofits/organizations/580610074,,,32.078,-81.094
Scottsdale Museum of Contemporary Art,Scottsdale,USA,Roster unverified,Small or mid,Run by Scottsdale Arts under a City of Scottsdale contract.,Sponsor page empty.,,,https://projects.propublica.org/nonprofits/organizations/860593786,,,33.493,-111.925
Frye Art Museum,Seattle,USA,One name to know,Small or mid,"$12.2M, free. Frye testamentary trust, meatpacking.",2020 layoffs dispute. Not sponsor-related.,,,https://fryemuseum.org/support,https://hyperallergic.com/554727/frye-art-museum-covid-19/,,47.607,-122.325
Henry Art Gallery,Seattle,USA,Verified,Small or mid,"$4.8M. City, county, state; Phillips, a brewery.",,,,https://henryart.org/support/funders-sponsors,https://projects.propublica.org/nonprofits/organizations/237052537,,47.656,-122.312
Seattle Art Museum,Seattle,USA,Roster unverified,Large,"Expenses $44.4M (FY2025); trustees, members, corporate partners, tech fortunes.",Boeing sponsorship and 2024 withdrawals could not be verified.,,,https://projects.propublica.org/nonprofits/organizations/910640788,,,47.607,-122.338
Pulitzer Arts Foundation,St. Louis,USA,Verified,Small or mid,"$6.2M, free. Publishing fortune, no sponsors.",,,,https://projects.propublica.org/nonprofits/organizations/431752949,,,38.64,-90.232
MOCA Tucson,Tucson,USA,Roster unverified,Small or mid,"Board, members, Tucson arts grants.",Sponsors unverified.,,,https://moca-tucson.org/about/,,,32.22,-110.972
The Phillips Collection,Washington,USA,Roster unverified,Small or mid,"$16.6M expenses (2023); Phillips family endowment (steel and banking), private trustees.","2025 deaccession sale drew criticism, not a funder dispute; roster not checked.",,,https://projects.propublica.org/nonprofits/organizations/530204620,https://news.artnet.com/market/okeeffe-seurat-phillips-collection-deaccession-2715082,,38.911,-77.047
Parrish Art Museum,Water Mill,USA,Roster unverified,Small or mid,$6.1M expenses (2023); private Hamptons donors and members.,No adverse finding; roster not checked.,,,https://projects.propublica.org/nonprofits/organizations/111782495,,,40.912,-72.358
SECCA,Winston-Salem,USA,Roster unverified,Small or mid,"NC Museum of Art affiliate; foundation expenses $1.3M (2023); state, Hanes textile estate.",Reynolds tobacco support not checked; site unreachable.,,,https://projects.propublica.org/nonprofits/search?q=Secca+Foundation,,,36.118,-80.284
32° East | Ugandan Arts Trust,Kampala,Uganda,Verified,Small or mid,"Core funders Stichting DOEN, Segal Family Foundation, Open Society Foundations, Sigrid Rausing Trust.",,,,https://www.sigrid-rausing-trust.org/grantee/32-east-ugandan-arts-trust/,,,0.297,32.598
Belarus Free Theatre,London,United Kingdom,Roster unverified,Small or mid,"Philanthropy only, 'no regular support from any government' (own statement); UK charity 1147372, income £1,444,357 in the year to 31 Jan 2025; individual donations via its site","Registered in England 22 May 2012 with its office at the Young Vic, London, and operations in Poland. Trustees per Companies House: Michael Attenborough, Mark Ball, Baroness Helena Kennedy, David Lan, Jude Law, Dame Maria Miller, Alison Stanley, Laura Wade, Samuel West. Producer of 'Official. Unofficial. Belarus' in Venice 2026.",,new,https://findthatcharity.uk/orgid/GB-CHC-1147372,https://find-and-update.company-information.service.gov.uk/company/07897118/officers,https://moc.media/en/bft,51.503,-0.107
Francis Skaryna Belarusian Library and Museum,London,United Kingdom,Verified,Small or mid,"Individual donations, Gift Aid, workplace giving, legacies and the trust's own investments; 'no regular public or corporate funding' (own support page); UK charity 1161434, income £111,056 in the year to 31 Dec 2025","Founded 1971 at 37 Holden Road, North Finchley; the largest Belarusian collection in western Europe; governed by a board of trustees; dormant and deregistered 2011, revived 2014 and re-registered 27 Apr 2015.",,pending,https://skaryna.org/support/,https://findthatcharity.uk/orgid/GB-CHC-1161434,https://en.wikipedia.org/wiki/Francis_Skaryna_Belarusian_Library_and_Museum,51.616,-0.184
Fundación Ama Amoedo,José Ignacio,Uruguay,Roster unverified,Small or mid,Founder-funded private foundation; no sponsors named.,Origin of the founder's money not verified.,,,https://www.fundacionamaamoedo.org/,,,-34.833,-54.667
Uzbekistan Art and Culture Development Foundation,Tashkent,Uzbekistan,Roster unverified,Large,State foundation set up in 2017; runs the 2025 Bukhara Biennial.,Critics call it image-building for investors; roster not verified.,yes,,https://www.e-flux.com/directory/267846/uzbekistan-art-and-culture-development-foundation,https://www.artforum.com/columns/bukhara-biennial-on-site-rachel-wetzler-1234736624/,,41.311,69.28
Fundación Oswaldo Vigas,Caracas,Venezuela,Roster unverified,Small or mid,Artist-estate non-profit founded 2010; no funding sources disclosed.,,yes,,https://www.e-flux.com/directory/491072/fundacion-oswaldo-vigas/,,,10.481,-66.904
Fundación Sala Mendoza,Caracas,Venezuela,Roster unverified,Small or mid,Founded 1956 by the Mendoza industrial family; partly self-funded through bookstore and art sales.,Current funders not disclosed.,,,https://fundacionsalamendoza.com/,,,10.488,-66.879
Vincom Center for Contemporary Art,Hanoi,Vietnam,Verified,Small or mid,"Non-profit centre opened 2017, financed entirely by Vingroup (property, retail, autos).",,,,https://vccavietnam.com/en/vingroup-ra-mat-trung-tam-nghe-thuat-duong-dai-vcca,,,21.003,105.815
Nguyen Art Foundation,Ho Chi Minh City,Vietnam,Verified,Small or mid,Founded 2018; privately funded by Quynh Nguyen (flavour and fragrance firm; family runs EMASI schools).,Housed in EMASI school buildings.,,,https://en.wikipedia.org/wiki/Nguyen_Art_Foundation,,,10.733,106.708
The Factory Contemporary Arts Centre,Ho Chi Minh City,Vietnam,Verified,Small or mid,Founded 2016; self-funded social enterprise where art sales and an on-site cafe pay for programmes.,Founded by artist Ti-A; no corporate sponsors.,yes,,https://www.e-flux.com/directory/154017/the-factory-contemporary-arts-centre,https://vietnamnews.vn/life-style/393798/the-factory-hcm-city-s-cutting-edge-arts-venue.html,,10.804,106.734
Livingstone Office for Contemporary Arts (LoCA),Livingstone,Zambia,Roster unverified,Small or mid,Artist-founded non-profit (2014); Perennial partners include Zeitz MOCAA and the National Arts Council Zambia.,Launched the Mosi-oa-Tunya Perennial in Sept 2026; funder roster not public.,yes,,https://www.locazm.org/,https://www.e-flux.com/announcements/6788145/mosi-oa-tunya-perennial,,-17.848,25.857
National Gallery of Zimbabwe,Harare,Zimbabwe,Roster unverified,Small or mid,"Parastatal under the Ministry of Youth, Sports, Arts and Recreation, plus unnamed sponsors.",Sponsor page shows logos only.,,,https://nationalgallery.co.zw/sponsors/,,,-17.83,31.054
Institution,City,Country,Why excluded,Source
Fundação Sindika Dokolo,Luanda,Angola,Founders' fortune tied to Angolan state oil and diamond deals.,https://www.theartnewspaper.com/news/isabel-dos-santos-angola
Fundación PROA,Buenos Aires,Argentina,"Tecpetrol, oil and gas, among funders.",https://www.tecpetrol.com/es/comunidad
Museo de Arte Moderno de Buenos Aires,Buenos Aires,Argentina,TotalEnergies and Samsung on supporter list.,https://www.museomoderno.org/
Art Gallery of South Australia,Adelaide,Australia,BHP principal partner; Samarco dam disaster.,https://www.agsa.sa.gov.au/whats-on/tarnanthi/
Darwin Festival,Darwin,Australia,Santos ended 2022; kept gas sponsor Inpex.,https://www.abc.net.au/news/2022-10-19/santos-ends-sponsorship-funding-for-darwin-festival/101549370
Fringe World,Perth,Australia,Ended Woodside in 2023 after a five-year campaign.,https://www.mi-3.com.au/08-01-2024/perths-fringe-world-festival-cuts-ties-fossil-fuel-giant-woodside-after-community
Biennale of Sydney,Sydney,Australia,Dropped Transfield 2014; now lists Qatar Museums and Sharjah entities.,https://hyperallergic.com/sydney-biennale-boycott-grows/
Dhaka Art Summit,Dhaka,Bangladesh,"Post-2024 allegations over the founders' political ties, denied.",https://en.wikipedia.org/wiki/Dhaka_Art_Summit
Art-Belarus Gallery (Belgazprombank corporate collection),Minsk,Belarus,"Gallery at the Palace of Arts, Kozlova 3, built around the bank's Paris School collection (Chagall, Soutine, Kikoine) started 2011–12; the project site is still live (2014–2026) and claims 20 exhibitions in 8 cities and 300,000+ visitors.",https://artbelarus.by/ru/about.html
National Art Museum of the Republic of Belarus,Minsk,Belarus,"State museum founded 1939, 30,000+ objects, Lenina 20. Its 'Exhibition of One Masterpiece: Marc Chagall, A Stroll' (8 Apr–21 Sep 2026) is lent by the State Russian Museum, St Petersburg, and sponsored by Sber Bank (Belarus); the museum ran a Belgazprombank 'Autumn Salon' partnership in the 2010s. Attendance is not published on the pages opened; budget is far below US$15M, so S.",https://artmuseum.by/ru/events-news/vystava-adnago-shedeura-pragulka-marka-shagala
OK16 cultural hub,Minsk,Belarus,Creative cluster in former factory halls at Kastryčnickaja 16 (bank bought them for US$3M); art director Maria Kalesnikava; venue operated by ArtCorporation. Belgazprombank has since tried to sell the buildings.,http://web.archive.org/web/20260811181341/https://news.zerkalo.io/life/133817.html
M HKA,Antwerp,Belgium,V-A-C Foundation (Novatek founder) still listed.,https://www.muhka.be/en/your-support-is-crucial/partners-of-m-hka/
Inhotim,Brumadinho,Brazil,"Vale, whose 2019 dam collapse killed 270 nearby, pays the operating budget.",https://peoplespalaceprojects.org.uk/en/projects/vale-is-it-worth-it-five-artists-in-the-front-line-against-brazils-worst-environmental-crime/
Museu de Arte Moderna do Rio de Janeiro,Rio de Janeiro,Brazil,Petrobras is the official sponsor.,https://mam.rio/programacao/petrobras-patrocinadora-oficial-do-museu/
Fundação Bienal de São Paulo,São Paulo,Brazil,"Petrobras, Vale and Bloomberg among master sponsors.",https://timesbrasil.com.br/colunas/felipe-machado/bienal-ibirapuera-participantes-apoio-empresas/
MASP,São Paulo,Brazil,Ultra fuel distributor and Bloomberg on roster.,https://www.masp.org.br/en/support/parcerias
Museu de Arte Moderna de São Paulo,São Paulo,Brazil,Grupo Ultra (Ipiranga fuel distribution) is a master sponsor.,https://mam.org.br/apoie/
Esker Foundation,Calgary,Canada,Founder wealth from oil and gas.,https://www.theglobeandmail.com/arts/art-and-architecture/meet-3-people-who-are-making-calgary-canadas-hottest-arts-hub/article4396622/
Glenbow,Calgary,Canada,Chevron Canada and Power Corp on donor roll.,https://www.glenbow.org/support/our-supporters/
"Mansudae Art Museum / Mansudae Art Studio Gallery, 798",Beijing,China,"Opened 2009 at 2 Jiuxianqiao Lu, north-west corner of 798, marked by a Chollima statue replica; sells originals, copies, posters and stamps. Taipei Times (Jan 2017) calls it Mansudae's 'only bricks and mortar foreign representation'; The Diplomat (Aug 2018) describes a 'Korea Traditional art center' in 798 operated by North Korea since c.2016. Koryo Tours' current guide says the 798 showing is 'closed' due to sanctions. Its director lent 13 works to the 2018 Gwangju Biennale for ₩28m.",https://en.wikipedia.org/wiki/Mansudae_Art_Studio
M+,Hong Kong,China,"UBS, Morgan Stanley, Citadel on roster.",https://www.mplus.org.hk/en/corporate-support/
Tai Kwun,Hong Kong,China,"Funded by the Hong Kong Jockey Club, a gambling operator.",https://www.taikwun.hk/en/taikwun/hkjc
Art Macao,Macau,China,Co-funded by casino operators.,https://www.scmp.com/lifestyle/arts/article/3319799/art-macao-2025-picasso-porcelain-ai-and-more-citywide-events-third-edition
Long Museum,Shanghai,China,Founder-covered losses; large 2023 consignment.,https://news.artnet.com/market/long-museum-sothebys-2352539
Yuz Museum,Shanghai,China,Qatar Museums a partner in its collection foundation.,https://en.wikipedia.org/wiki/Yuz_Museum_Shanghai
Bienal de La Habana,Havana,Cuba,2021 27N open-letter boycott over jailed artists; participants withdrew.,https://www.e-flux.com/announcements/426144/open-letter-why-we-say-no-to-the-14th-havana-biennial-and-ask-you-to-do-the-same
Kunsten Museum of Modern Art Aalborg,Aalborg,Denmark,Det Obelske Familiefond holds about 14.5% of Scandinavian Tobacco Group.,https://kulturmonitor.dk/kunst-kulturarv/art10313403/Stor-fond-skyder-10-millioner-kroner-i-Kunsten-i-Aalborg
Trapholt,Kolding,Denmark,Augustinus Fonden holds a Scandinavian Tobacco Group stake.,https://augustinusfonden.dk/da/nyheder/fonde-bidrager-til-markant-udvidelse-af-trapholt
Centro León,Santiago de los Caballeros,Dominican Republic,Tobacco founder money; museum includes a cigar-factory tour.,https://es.wikipedia.org/wiki/Centro_Cultural_Eduardo_Le%C3%B3n_Jimenes
Centre Pompidou,Paris,France,€50M Saudi state pledge for the renovation.,https://www.theartnewspaper.com/2024/12/09/saudi-arabia-to-give-50m-towards-centre-pompidou-refurbishment
Fondation Louis Vuitton,Paris,France,€518M state tax relief; audit court criticism.,https://www.anticor.org/affaires-anticor/affaire-de-la-fondation-louis-vuitton/
Louvre,Paris,France,Total ended 2018 after campaign; Sackler removed 2019.,https://www.greenpeace.fr/espace-presse/mecenat-la-cada-donne-raison-a-greenpeace-face-au-louvre/
Musée d'Orsay,Paris,France,LVMH tax-rebate critique.,https://theconversation.com/the-group-louis-vuitton-lvmh-a-gift-to-the-musee-dorsay-and-a-huge-tax-incentive-business-as-usual-265403
Kunsthalle Bielefeld,Bielefeld,Germany,Oetker family funding and forced-labour history.,https://www.wsws.org/de/articles/1998/12/biel-d02.html
Museum Folkwang,Essen,Germany,RWE and E.ON as exhibition partners.,https://www.museum-folkwang.de/en/sponsors
Fridericianum,Kassel,Germany,A 2025 Marisa Merz show was cancelled over the funders' post-documenta code of conduct.,https://www.monopol-magazin.de/ausstellung-kassel-wegen-code-conduct-der-documenta-abgesagt
Württembergischer Kunstverein Stuttgart,Stuttgart,Germany,City withdrew a €15k symposium grant (2025-26) after antisemitism accusations; event went ahead on crowdfunding.,https://www.stuttgarter-zeitung.de/inhalt.antisemitismus-debatte-in-stuttgart-stadt-zieht-foerderung-von-symposium-zurueck-kunstverein-widerspricht-vorwuerfen.d9735e08-82a1-474c-b18b-d2fe5b9c3745.html
Kunstmuseum Wolfsburg,Wolfsburg,Germany,Volkswagen-funded; director removed 2018 before an oil-themed show.,https://www.kunstmuseum.de/en/about-us/
Kochi-Muziris Biennale,Kochi,India,Unpaid contractors and artists; co-founder resigned.,https://www.artnews.com/art-news/news/kochi-muziris-biennale-artists-claim-financial-issues-open-letter-1234653994/
Kiran Nadar Museum of Art,New Delhi,India,2023 curator firing and artist withdrawal.,https://www.theartnewspaper.com/2023/08/02/controversy-kiran-nadar-museum-of-art-in-delhi-india-private-museums
Museum MACAN,Jakarta,Indonesia,Founder money partly from petroleum distribution.,https://www.theartnewspaper.com/2019/03/28/collectors-eye-an-interview-with-haryanto-adikoesoemo
IMMA,Dublin,Ireland,"Live petition to drop Hennessy, Soho House and BNP Paribas.",https://my.uplift.ie/petitions/public-art-public-values-imma-must-divest
Peggy Guggenheim Collection,Venice,Italy,Parent foundation removed the Sackler name under pressure in 2022.,https://news.artnet.com/art-world/sackler-name-change-guggenheim-museum-2110993
Russian Pavilion at the Venice Biennale,Venice,Italy,Artists Savchenkov and Sukhareva and curator Malašauskas quit in Feb 2022 and the pavilion stayed shut; lent to Bolivia in 2024 and to a Thomas Heatherwick project in 2025 (protested by the Ukrainian pavilion's co-curator); 2026 return curated by Anastasia Karneeva prompted the European Commission to threaten the Biennale's EU funding (Mar 2026).,https://artreview.com/european-commission-threatens-venice-biennale-funding-over-russian-pavilion/
Kyoto City KYOCERA Museum of Art,Kyoto,Japan,Naming-rights sale drew citizen and artist protest 2016 to 2019.,https://www.kyoto-minpo.net/archives/2019/11/22/post-24056.php
Aichi Triennale,Nagoya,Japan,"In 2019 the state withdrew its subsidy over a censorship row, then partly restored it.",https://www.artasiapacific.com/news/freedom-of-expression-costs-millions-for-aichi-triennale/
Tselinny Center of Contemporary Culture,Almaty,Kazakhstan,Founder's wealth partly oil and gas; he was convicted and surrendered assets to the state.,https://www.artnews.com/art-news/news/tselinny-center-of-contemporary-culture-opening-1234755529/
Beirut Art Center,Beirut,Lebanon,Sharjah Art Foundation and Qatar Foundation on its patron roll.,https://beirutartcenter.org/donate/
Sursock Museum,Beirut,Lebanon,"Fondation Engie, a gas utility, is an energy sponsor.",https://sursock.museum/content/our-supporters
MUAC,Mexico City,Mexico,Bloomberg a current corporate ally.,https://muac.unam.mx/benefactores
Museo Tamayo,Mexico City,Mexico,Bloomberg a current corporate sponsor.,https://www.museotamayo.org/fundacion
Rijksmuseum,Amsterdam,Netherlands,Ended Saudi Aramco 2017; XR targets ING.,https://extinctionrebellion.nl/grassroots-tentoonstelling-kunst-en-de-klimaatcrisis-op-museumplein-amsterdam-rijksmuseum-verbreek-sponsorrelatie-ing/
Van Gogh Museum,Amsterdam,Netherlands,Ended Shell in 2018 after campaign.,https://fossilfreeculture.nl/news/shell-dropped/
Groninger Museum,Groningen,Netherlands,GasTerra and Gasunie funding; Fossil Free Culture actions 2025 and 2026.,https://www.oogtv.nl/2025/10/milieuactivisten-houden-stil-protest-in-groninger-museum-tegen-fossiele-sponsoring/
Mauritshuis,The Hague,Netherlands,Did not renew Shell in 2018.,https://www.mauritshuis.nl/en/business/sponsorship-and-funds/nn-group
Govett-Brewster / Len Lye Centre,New Plymouth,New Zealand,"Todd Energy, an oil and gas producer, is founding partner.",https://govett-brewsterfoundation.com/partner-programme/
City Gallery Wellington,Wellington,New Zealand,2019 protest targeted a Fletcher-backed show.,https://www.nzherald.co.nz/nz/controversial-artist-theo-schoons-work-targeted-by-calls-for-a-boycott/M3SQL44XDIUG3KM2GGRJTJKYL4/
Kaesong Koryo Museum,Kaesong,North Korea,"Over 1,000 Koryo-dynasty artefacts in four halls plus an open-air stone collection; 20,000 m², 12 main buildings; standard stop on tourist itineraries (Hall 3 usually closed to foreigners). Coordinates from OpenStreetMap/Nominatim for 고려박물관, Kaesong.",https://koryogroup.com/blog/north-korea-guide-kaesong-koryo-museum
Grand People's Study House,Pyongyang,North Korea,"100,000 m², 600 rooms, claimed capacity 30 million books and 10,000 users a day; centre of Juche studies and a correspondence university. Size L rests on state-claimed attendance (a 1989 report of over 10 million visits a year); budget unpublished.",https://en.wikipedia.org/wiki/Grand_People%27s_Study_House
Korean Art Gallery,Pyongyang,North Korea,"National fine-art museum: 22 rooms, Korean paintings, oils, sculpture, embroidery; 6 million cumulative visitors claimed as of 2020. Co-organiser (with the Paektusan Academy of Architecture) of MAK Vienna's 'Flowers for Kim Il Sung', 19 May–5 Sep 2010, the first showing of its holdings abroad. Size S: cumulative, not annual, visitor figure; budget not published.",https://en.wikipedia.org/wiki/Korean_Art_Gallery
Korean Central History Museum,Pyongyang,North Korea,"North end of Kim Il-sung Square; c.100,000 relics in 19 halls over 10,500 m²; claimed 10 million cumulative visitors by 2015; Kim Jong Un's 2014 instruction to make it a 'world standard'. No exhibitions abroad found.",https://en.wikipedia.org/wiki/Korean_Central_History_Museum
Mansudae Art Studio,Pyongyang,North Korea,"Founded 17 Nov 1959; c.4,000 staff incl. c.700–1,000 artists; 120,000 m² complex. Exhibitions abroad: London 2007 and 2014, Brisbane 2009, Dandong 2013, Beijing 798 gallery from 2009. Kotra estimates North Korea earned over US$160m from art sales in the decade to 2018. Koryo Tours' guide says the studio 'is on the UN sanction list and cannot be visited nor art purchased'.",https://www.govinfo.gov/content/pkg/FR-2016-12-07/pdf/2016-29311.pdf
Mansudae Overseas Project Group of Companies (Mansudae Overseas Projects),Pyongyang,North Korea,"Builds socialist-realist monuments abroad: African Renaissance Monument, Dakar (2010, US$27m), Heroes' Acre, Namibia (2002), projects in Angola, Benin, Botswana, Cambodia, DR Congo, Ethiopia, Mozambique, Togo, Zimbabwe, Malaysia, Syria. Also on EU, UK, Australian, Japanese and Swiss lists; subsidiaries in Namibia, Angola, Senegal, Zimbabwe, Cambodia, Malaysia, Singapore and China appear in OpenSanctions.",https://www.opensanctions.org/entities/NK-d2wkX43psvoLFjjdnsJ2Go/
Sinchon Museum of American War Atrocities,Sinchon,North Korea,"Memorial to the Sinchon massacre (35,000 deaths claimed, 17 Oct–7 Dec 1950), attributed by the museum to US forces; South Korean research attributes the killings largely to local anti-communist vigilantes and ROK police. KCNA claims 500,000 visitors a year (AFP, 7 Jun 2018), mostly schoolchildren and soldiers. Coordinates are the pre-2015 town-centre site (Wikipedia/dark-tourism.com); the new site's coordinates were not found. Size S by budget.",https://en.wikipedia.org/wiki/Sinchon_Museum_of_American_War_Atrocities
Bergen International Festival,Bergen,Norway,Equinor renewed 2025; protests.,https://www.fib.no/aktuelt/2025/fornyet-samarbeidsavtale-med-equinor
MUNCH,Oslo,Norway,INPEX Idemitsu oil sponsorship to 2028.,https://www.munch.no/en/about/sponsors-and-partnership/
Zachęta National Gallery of Art,Warsaw,Poland,PKN Orlen is a fossil-fuel funder.,https://www.orlen.pl/pl/o-firmie/wspieramy/sponsoring/Sponsoring-kultury-i-nauki
MAAT,Lisbon,Portugal,"Fundação EDP, a utility with gas generation.",https://www.maat.pt/en/about
Serralves Foundation,Porto,Portugal,Galp is a fossil-fuel funder.,https://www.serralves.pt/en/institucional-serralves/1.82.-_ok-apoiar---fundadores-patrono/
Mathaf: Arab Museum of Modern Art,Doha,Qatar,"Funded by Qatar Museums, a Gulf state body under labour critique.",https://www.e-flux.com/announcements/?i=Mathaf: Arab Museum of Modern Art
Museum of Islamic Art,Doha,Qatar,Funded by Qatar Museums.,https://www.e-flux.com/directory/166476/museum-of-islamic-art/
Qatar Museums,Doha,Qatar,Labour abuses documented by HRW in 2026.,https://www.hrw.org/world-report/2026/country-chapters/qatar
GES-2 House of Culture (V-A-C Foundation),Moscow,Russia,Opened Dec 2021 as Russia's largest private art centre. Artistic director Francesco Manacorda resigned Mar 2022. In 2023 Ural Biennial founder Alisa Prudnikova became its director. GES-2 also appears as a sponsor on the Tretyakov Gallery's 2026 partner list.,https://en.wikipedia.org/wiki/V-A-C_Foundation
Garage Museum,Moscow,Russia,Sanctioned founder; exhibitions halted 2022.,https://www.theartnewspaper.com/2025/07/14/amid-cracks-down-on-dissent-russias-beleaguered-private-museums-fight-to-survive
Jewish Museum and Tolerance Center,Moscow,Russia,Endowment managed via Gazprombank asset management per Kommersant; the museum's partners page is empty. Vekselberg also sits on the Tretyakov board.,https://www.kommersant.ru/doc/2400953
"Multimedia Art Museum, Moscow (MAMM)",Moscow,Russia,Reopened May 2024 after 18 months of works; director Olga Sviblova. Partner page read Oct 2026.,https://mamm.art/museum/partners/
Pushkin State Museum of Fine Arts,Moscow,Russia,"Three directors in three years: Marina Loshak resigned 20 Mar 2023; Elizaveta Likhacheva was removed in Jan 2025 without stated reasons and replaced by Olga Galaktionova (ROSIZO); in Jan 2026 Galaktionova moved to the Tretyakov and Ekaterina Pronicheva (ex-Vladimir-Suzdal museum, daughter of an FSB general) took over. Sponsor and patron pages carry no names.",https://pushkinmuseum.art/museum/support_us/board/index.php?lang=ru
Ruarts Foundation,Moscow,Russia,Foundation founded 2003; opened its own building 2021; runs street-art grants. Sardarov is not on EU/UK/US lists (OpenSanctions search Oct 2026 returns only an unrelated Amiran Sardarov).,https://ti-russia.org/blog/gazprom-pererabatyvaet-ofshor-zarabatyvaet-kak-sardarov-stal-grazhdaninom-sent-kits/
State Tretyakov Gallery,Moscow,Russia,"Director Zelfira Tregulova removed 9 Feb 2023 after a Ministry-forwarded complaint of 'destructive ideology' in the displays; Elena Pronicheva (daughter of an FSB general) replaced her; in Jan 2026 Olga Galaktionova (ex-ROSIZO, ex-Pushkin) took over. The Ministry cancelled the 9th Moscow Biennale at the New Tretyakov on 3 Nov 2022. The Gallery states 80+ companies and individuals support it.",https://partners.tretyakov.ru/partners
Winzavod Centre for Contemporary Art,Moscow,Russia,"Russia's first private art cluster; Trotsenko interview describes the foundation as funding Start, Best of Russia and other programmes. Roman Trotsenko sold 69% of AEON to managers in Dec 2023.",https://winzavod.ru/about/
Zotov Centre for Constructivism,Moscow,Russia,First Russian institution devoted to constructivism; VTB reports its first-year results on its own culture site.,https://www.vedomosti.ru/kp/news/2022/11/07/949204-v-moskve-otkroetsya-tsentr-konstruktivizma
Victoria Gallery,Samara,Russia,Sister institution of V-A-C ('Victoria — the Art of being Contemporary'); second site Victoria Underground since 2020.,https://gallery-victoria.ru/about/
New Holland Island,St Petersburg,Russia,Restoration and construction suspended June 2022; Fontanka links the stop to the EU freeze of Abramovich's assets in mid-March 2022; the project refused comment.,https://www.fontanka.ru/2022/06/08/71396537/
PRO ARTE Foundation,St Petersburg,Russia,"Works in visual arts, museum practice and inclusion with the Hermitage, BDT and Alexandrinsky; publishes annual reports.",https://www.proarte.ru/about/
State Hermitage Museum,St Petersburg,Russia,3.2m visitors in 2024 (Interfax via search). Director Mikhail Piotrovsky called Russian shows abroad a 'special operation'; Hermitage Amsterdam cut ties Mar 2022 and became H'ART; Canada sanctioned Piotrovsky; the EU added him in its 20th package (Apr–May 2026).,https://support.hermitagemuseum.org/ru/sponsors
State Russian Museum,St Petersburg,Russia,Vladimir Gusev (director since 1988) moved to president in Feb 2023; Deputy Culture Minister Alla Manilova appointed director 25 Apr 2023. 3.61m visits in 2024 per TAN ranking (via search).,https://www.nn.media/news/727/
Vyksa Festival (Art-Ovrag),Vyksa,Russia,"Founded 2011 as Art-Ovrag, renamed 2020; OMK makes steel pipes for the oil and gas sector.",https://vyksafest.com/about
Yeltsin Center,Yekaterinburg,Russia,"Meduza (Mar 2026) reports average annual donations fell c. 14-fold in 2023–24 versus 2015–22. Its anti-war statement was deleted on police orders; events cancelled under pressure include Nina Khrushcheva's book launch (25 Nov 2024, after a Z-channel denunciation); KPRF bills to close it failed in the Duma.",https://meduza.io/feature/2026/03/10/my-otkazalis-ot-frondy-dovolno-bystro
King Abdulaziz Center for World Culture (Ithra),Dhahran,Saudi Arabia,Funded by Aramco.,https://www.e-flux.com/directory/412964/the-king-abdulaziz-center-for-world-culture-ithra/
ArtScience Museum,Singapore,Singapore,Casino operator.,https://www.e-flux.com/directory/419951/artscience-museum/
Tanoto Art Foundation,Singapore,Singapore,"RGE (pulp, palm oil) includes Pacific Oil & Gas (unverified claim).",https://www.scmp.com/lifestyle/arts/article/3298689/singapore-launch-contemporary-art-foundation-focused-southeast-asia
A4 Arts Foundation,Cape Town,South Africa,2018 boycott call over the funder's security holdings.,https://mg.co.za/article/2018-04-12-the-new-a4-gallerys-israeli-mirage/
Gwangju Biennale,Gwangju,South Korea,"The Park Seo-Bo Prize was abolished in 2023 after one edition, following public protest.",https://www.artasiapacific.com/news/protests-at-gwangju-biennale-end-newly-established-park-seo-bo-art-prize/
SONGEUN,Seoul,South Korea,Founder's company is a coal miner and trader.,https://songeun.or.kr/
MACBA,Barcelona,Spain,Repsol is a fossil-fuel funder; Naturgy executives on the board.,https://www.macba.cat/en/macba-foundation/
Guggenheim Bilbao,Bilbao,Spain,Petronor refinery sits on the board.,https://www.guggenheim-bilbao.eus/en/corporate-support/our-corporate-members
Kunsthaus Zürich,Zürich,Switzerland,"Bührle arms fortune and Nazi-era provenance, in litigation.",https://news.artnet.com/art-world/buhrle-foundation-seeks-settlement-over-kunsthaus-zurich-paintings-2501335
Nafasi Art Space,Dar es Salaam,Tanzania,TotalEnergies Tanzania partners on its VIA Creative programme.,https://www.nafasiartspace.org/via-creative-awarding-ceremony/
Bangkok Art and Culture Centre,Bangkok,Thailand,Politically tinged defunding 2018; 2025 works removed under embassy pressure.,https://en.wikipedia.org/wiki/Bangkok_Art_and_Culture_Centre
Arter,Istanbul,Turkey,Koç Holding owns Tüpraş (oil refining) and Otokar (military vehicles).,https://en.wikipedia.org/wiki/Ko%C3%A7_Holding
Louvre Abu Dhabi,Abu Dhabi,UAE,Kafala labour abuses documented by HRW.,https://www.hrw.org/news/2017/11/08/louvre-abu-dhabis-unlovely-back-story
Sharjah Art Foundation,Sharjah,UAE,Gulf state body; 2011 censorship and director's sacking.,https://en.wikipedia.org/wiki/Sharjah_Art_Foundation
Collective,Edinburgh,UK,Dropped Baillie Gifford (£25k) in March 2024 under pressure.,https://www.scotsman.com/whats-on/arts-and-entertainment/leading-scottish-art-gallery-ditches-baillie-gifford-as-ps25000-sponsor-after-being-targeted-by-activists-4657425
Edinburgh International Book Festival,Edinburgh,UK,Ended Baillie Gifford in 2024.,https://www.thebookseller.com/news/an-enormous-blow-festival-organisers-reflect-a-year-on-since-loss-of-baillie-gifford-funding
Fruitmarket,Edinburgh,UK,Dropped Baillie Gifford in 2024 under pressure.,https://www.theartnewspaper.com/2024/07/02/national-galleries-of-scotland-will-continue-to-take-sponsorship-from-baillie-gifford-despite-protests-over-ties-with-fossil-fuel-and-israel
National Galleries of Scotland,Edinburgh,UK,Kept Baillie Gifford under protest; dropped BP 2019.,https://www.theartnewspaper.com/2024/07/02/national-galleries-of-scotland-will-continue-to-take-sponsorship-from-baillie-gifford-despite-protests-over-ties-with-fossil-fuel-and-israel
Stills,Edinburgh,UK,Ended Baillie Gifford funding in June 2024.,https://www.instagram.com/p/C76QxL6xAOR
Hay Festival,Hay-on-Wye,UK,Suspended Baillie Gifford in May 2024.,https://www.hayfestival.com/news/blog.aspx?post=1693
British Museum,London,UK,"BP, £50M over ten years from 2023; Sackler name removed 2022.",https://www.museumsassociation.org/museums-journal/news/2023/12/british-museum-announces-new-50m-bp-deal-to-fund-masterplan/
Design Museum,London,UK,2018 artist withdrawals over an arms-firm reception; Deutsche Bank funder.,https://hyperallergic.com/artists-demand-answers-one-year-after-withdrawing-work-from-london-design-museum/
Dulwich Picture Gallery,London,UK,Sackler-endowed post; dropped the name 2022.,https://www.theartnewspaper.com/2022/06/02/dulwich-picture-gallery-drops-sackler-name
Goldsmiths CCA,London,UK,Removed Gertler donor names after a 2024 occupation.,https://www.theartnewspaper.com/2024/11/25/pro-palestine-boycott-goldsmiths-cca-ends-after-gallery-cuts-ties-donors
National Gallery,London,UK,Dropped Shell 2018; banks on roster.,https://www.nationalgallery.org.uk/support-us/corporate-support
National Portrait Gallery,London,UK,Refused Sackler £1M in 2019; BP award ended 2022.,https://www.museumsassociation.org/museums-journal/news/2019/03/21032019-sackler-trust-cancels-npg-donation/
National Theatre,London,UK,Ended Shell 2019; named in the May 2026 Bloomberg letter.,https://www.thestage.co.uk/news/nt-and-rsc-among-theatres-urged-to-reject-unethical-sponsor-by-250-creatives
Royal Ballet and Opera,London,UK,Ended BP in 2022 after 33 years.,https://www.whatsonstage.com/news/royal-opera-house-confirms-end-of-33-year-bp-sponsorship-deal_58217/
Science Museum,London,UK,Adani Green since 2024; BP ended only in August 2026.,https://cultureunstained.org/2026/08/28/science-museum-drops-oil-sponsor-bp-after-mounting-pressure-on-controversial-partnership/
Serpentine,London,UK,Dropped the Sackler name 2021.,https://www.bloomberg.org/arts/advancing-the-arts-around-world/serpentine/
Tate Modern,London,UK,Ended BP in 2016 after protests; Sackler name removed 2022.,https://cultureunstained.org/successes-for-the-movement/
V&A,London,UK,Sackler name removed 2022.,https://www.theartnewspaper.com/2022/10/03/londons-victoria-and-albert-museum-announces-it-will-no-longer-carry-the-sackler-name
Zabludowicz Collection,London,UK,Boycotted since 2014 over the founder's ties.,https://thewhitepube.co.uk/art-thoughts/bdz/
Turner Contemporary,Margate,UK,Dropped Stagecoach as Turner Prize sponsor in 2019.,https://www.thepinknews.com/2019/05/02/turner-prize-anti-gay-rights-sponsor-brian-souter/
MK Gallery,Milton Keynes,UK,Still credits the Sackler Trust as a capital donor.,https://mkgallery.org/support/
The Box,Plymouth,UK,"Babcock International, a defence contractor, sponsors a gallery.",https://www.theboxplymouth.com/supporters
Aspen Art Museum,Aspen,USA,Kanders a major donor 2017 to 2018.,https://en.wikipedia.org/wiki/Warren_B._Kanders
Dia Art Foundation,Beacon,USA,Dropped the Sackler name 2019; Schlumberger origin.,https://www.diaart.org/support/corporate-giving
Art Institute of Chicago,Chicago,USA,Crown family and Griffin money; 68 arrests at a 2024 encampment.,https://blockclubchicago.org/2024/05/05/68-arrested-after-art-institute-asks-police-to-clear-pro-palestinian-encampment/
Wexner Center for the Arts,Columbus,USA,Epstein-linked name; artist and grant withdrawals in 2026.,https://www.wosu.org/arts-culture/2026-06-11/wexner-center-for-the-arts-loses-one-artist-and-grant-citing-the-centers-name-for-pulled-support
Menil Collection,Houston,USA,Schlumberger fortune; SLB still a sponsor.,https://www.menil.org/corporate-support
Kemper Museum,Kansas City,USA,2019 artist protests over a trustee tied to ICE detention litigation.,https://hyperallergic.com/514677/wyatt-detention-center/
Getty Center,Los Angeles,USA,Endowment from Getty Oil stock.,https://en.wikipedia.org/wiki/J._Paul_Getty_Trust
Hammer Museum,Los Angeles,USA,Built and endowed by Occidental Petroleum.,https://en.wikipedia.org/wiki/Hammer_Museum
LACMA,Los Angeles,USA,Trustee resigned 2020 over prison-phone investment.,https://news.artnet.com/art-world/tom-gores-resigns-lacma-board-1914542
MOCA Los Angeles,Los Angeles,USA,Steven Cohen on board; 2018 to 2021 staff departures.,https://www.moca.org/support
Speed Art Museum,Louisville,USA,Churchill Downs gambling and three spirits firms on roster.,https://www.speedmuseum.org/support/
Pérez Art Museum Miami,Miami,USA,"2011 naming row, four trustees resigned; Griffin gallery 2024.",https://news.artnet.com/art-world/ken-griffin-donates-10-million-pamm-miami-2568015
The Bass,Miami Beach,USA,Citadel on roster.,https://thebass.org/join/donors/
Walker Art Center,Minneapolis,USA,Bloomberg Philanthropies a current $100k+ supporter.,https://www.walkerart.org/join-give/corporate-support/
Frist Art Museum,Nashville,USA,Recurring nurses' union protests at the gala over HCA.,https://www.nationalnursesunited.org/press/union-nurses-to-protest-palantir-and-hca-collaboration-at-frist-gala
Storm King Art Center,New Windsor,USA,Bloomberg Philanthropies a current $50k+ benefactor.,https://stormking.org/support/donors/
American Museum of Natural History,New York,USA,Koch left 2016; Mercer removed 2020; Sackler renamed 2023.,https://hyperallergic.com/544448/rebekah-mercer/
Brooklyn Museum,New York,USA,2024 occupation; trustees' homes vandalised; BNY link disputed.,https://www.theartnewspaper.com/2024/06/01/brooklyn-museum-pro-palestine-protest
Guggenheim,New York,USA,"Refused Sackler gifts 2019, removed the name 2022.",https://news.artnet.com/art-world/sackler-name-change-guggenheim-museum-2110993
MoMA,New York,USA,"Leon Black still a trustee after Epstein payments; Fink, Crown and Dubin named in Strike MoMA and the 2024 sit-in.",https://www.theartnewspaper.com/2025/08/19/leon-black-moma-trustee-senator-ron-wyden-investigation-jeffrey-epstein-irs
The Met,New York,USA,Koch Plaza name kept since 2014; Sackler name removed only in 2021.,https://www.theartnewspaper.com/2019/05/15/the-met-says-it-will-stop-accepting-gifts-from-sacklers-associated-with-purdue-pharma
Whitney Museum,New York,USA,Kanders resigned 2019 after protests; Crown family trustee targeted 2025.,https://www.theartnewspaper.com/2019/07/25/whitney-museum-vice-chairman-warren-kanders-steps-down-after-months-of-protests
MASS MoCA,North Adams,USA,Three-week wage strike in 2024.,https://www.wsws.org/en/articles/2024/04/29/imth-a29.html
Yerba Buena Center for the Arts,San Francisco,USA,2024 artists demanded removal of board members and funders; galleries shut a month.,https://en.wikipedia.org/wiki/Yerba_Buena_Center_for_the_Arts
"Smithsonian, Air and Space",Washington,USA,"Boeing, Northrop Grumman and Lockheed name galleries; Koch hall kept.",https://www.si.edu/newsdesk/releases/national-air-and-space-museum-receives-30-million-boeing
